PP_END_YEAR,PP_NUM,PP_YEAR_NUM,SSN,NAME,CURRENT_ACCT,CURRENT_ORG,FLSA_STATUS,COMP_TIME_CUR_BAL,COMP_TIME_YEAR_EARNED,PP_END_DATE,DAILY_DATE_EARNED,COMP_TIME_RATE,COMP_TIME_HOURS,COMP_TIME_UNDEF
2024,1,202401,123456789,"ALVAREZ, MARIA",100234,OCFOACC,N,25.58,2024,2024-01-14,2024-01-01,1.0,6.06,0
2024,2,202402,234567891,"CHEN, DAVID",100234,OCFOACC,E,9.8,2024,2024-01-28,2024-01-16,1.0,6.02,0
2024,3,202403,345678912,"PATEL, ANITA",100512,OCFOIT,N,27.07,2024,2024-02-11,2024-01-31,1.0,4.93,0
2024,4,202404,456789123,"WASHINGTON, JAMES",100512,OCFOIT,N,1.27,2024,2024-02-25,2024-02-15,1.0,2.14,0
2024,5,202405,567891234,"NGUYEN, LINH",100778,OCFOHR,E,20.21,2024,2024-03-10,2024-03-01,1.0,4.71,0
2024,6,202406,678912345,"OKAFOR, CHIDI",100778,OCFOHR,N,28.64,2024,2024-03-24,2024-03-16,1.5,2.15,0
2024,7,202407,123456789,"ALVAREZ, MARIA",100234,OCFOACC,N,23.57,2024,2024-04-07,2024-03-31,1.0,6.19,0
2024,8,202408,234567891,"CHEN, DAVID",100234,OCFOACC,E,6.39,2024,2024-04-21,2024-04-15,1.5,3.05,0
2024,1,202401,345678912,"PATEL, ANITA",100512,OCFOIT,N,6.22,2024,2024-01-14,2024-01-09,1.5,1.27,0
2024,2,202402,456789123,"WASHINGTON, JAMES",100512,OCFOIT,N,15.2,2024,2024-01-28,2024-01-24,1.5,6.86,0
2024,3,202403,567891234,"NGUYEN, LINH",100778,OCFOHR,E,24.15,2024,2024-02-11,2024-02-08,1.0,5.97,0
2024,4,202404,678912345,"OKAFOR, CHIDI",100778,OCFOHR,N,21.45,2024,2024-02-25,2024-02-23,1.5,1.09,0
2024,5,202405,123456789,"ALVAREZ, MARIA",100234,OCFOACC,N,11.73,2024,2024-03-10,2024-03-09,1.5,4.83,0
2024,6,202406,234567891,"CHEN, DAVID",100234,OCFOACC,E,28.18,2024,2024-03-24,2024-03-24,1.0,5.46,0
2024,7,202407,345678912,"PATEL, ANITA",100512,OCFOIT,N,30.92,2024,2024-04-07,2024-03-25,1.0,6.91,0
