SSN,CAN_CD,PSEUDOSSN,EMPLID,EMPL_RCD,APPT_NUM,EMP_FIRST_NAME,EMP_MID_INIT,EMP_LAST_NAME,SEX,VETERANS_PREFERENCE_CD,TENURE_CD,POSITION_NUM,US_CITIZENSHIP_CD,APPT_TYPE_CD,HIRE_DATE,HANDICAP_CD,UNF_ALLOW_CD,UNIF_ALLOW_DATE,UNIF_ALLOW_AMT,RSSSDP,CEIL_REPORTING_CD,FUNCTNL_CLASSFCTN_CD,EMP_STATUS,MANAGER_STATUS,POSITION_SENSITIVITY_CD,CAREER_START_DATE,CAREER_CONV_DATE,PROBATION_DATE,ABNORMAL_RATE_CD,APPT_LIMIT_HRS,APPT_LIMIT_PAY,LAST_PAY_CHANGE,CHARITY_AREA_CD,CHARITY_EFF_DATE,CHARITY_DED_AMT,LAST_NOA_CD,QUARTERS_DED_AMT,SUBSIST_DED_AMT,PAY_BASIS_CD,WORK_SCHEDULE_CD,OCCUPATION_CD,DUTY_STATION,JOB_IND,REG_TEMP_CD,SEPERATION_DATE,PCA_CONTR_EFF_START_DATE,PCA_CONTR_EFF_END_DATE,MAX_ANNUAL_PAY,PCA_BIWEEKLY_AMT,PAY_PLAN_CD,APPT_NTE_DTE,SPECIAL_PROGRAM_CD,TERM_ID,EFFECTIVE_DATE,EFFECTIVE_SEQ,PAY_TABL_NO,BUSINESS_UNIT,DEPTID,PCA_CONTR_LEN_YEAR,TK_NUM,PP_NUM,PP_END_YEAR
100000000,CAN0001,900000000,10000000,0,01,MARIA,A,ALVAREZ,F,N,1,1,1,15,2010-01-01,00,,,,,1,1,A,N,1,2015-01-01,2015-01-01,,,,,2024-01-14,,,,878,,,AN,F,0343,110000000,1,R,,,,,,GS,,,,2024-01-14,0,0001,TR001,OCFOACC,,,8,2024
100000137,CAN0001,900000097,10000100,0,01,DAVID,B,CHEN,M,N,1,1,1,15,2011-02-02,00,,,,,1,1,A,N,1,2015-01-01,2015-01-01,,,,,2024-01-14,,,,878,,,AN,F,0343,110000000,1,R,,,,,,GS,,,,2024-01-14,0,0001,TR001,OCFOIT,,,8,2024
100000274,CAN0001,900000194,10000200,0,01,ANITA,C,PATEL,F,N,1,1,1,15,2012-03-03,00,,,,,1,1,A,N,1,2015-01-01,2015-01-01,,,,,2024-01-14,,,,878,,,AN,F,0343,110000000,1,R,,,,,,GS,,,,2024-01-14,0,0001,TR001,OCFOHR,,,8,2024
100000411,CAN0001,900000291,10000300,0,01,JAMES,D,WASHINGTON,M,N,1,1,1,15,2013-04-04,00,,,,,1,1,A,N,1,2015-01-01,2015-01-01,,,,,2024-01-14,,,,878,,,AN,F,0343,110000000,1,R,,,,,,GS,,,,2024-01-14,0,0001,TR001,OCFOPROC,,,8,2024
100000548,CAN0001,900000388,10000400,0,01,LINH,E,NGUYEN,F,N,1,1,1,15,2014-05-05,00,,,,,1,1,A,N,1,2015-01-01,2015-01-01,,,,,2024-01-14,,,,878,,,AN,F,0343,110000000,1,R,,,,,,GS,,,,2024-01-14,0,0001,TR001,OCFOBUD,,,8,2024
100000685,CAN0001,900000485,10000500,0,01,CHIDI,F,OKAFOR,M,N,1,1,1,15,2015-06-06,00,,,,,1,1,A,N,1,2015-01-01,2015-01-01,,,,,2024-01-14,,,,878,,,AN,F,0343,110000000,1,R,,,,,,GS,,,,2024-01-14,0,0001,TR001,OCFOACC,,,8,2024
100000822,CAN0001,900000582,10000000,0,01,SOPHIA,G,GARCIA,F,N,1,1,1,15,2016-07-07,00,,,,,1,1,A,N,1,2015-01-01,2015-01-01,,,,,2024-01-14,,,,878,,,AN,F,0343,110000000,1,R,,,,,,GS,,,,2024-01-14,0,0001,TR001,OCFOIT,,,8,2024
100000959,CAN0001,900000679,10000100,0,01,OMAR,H,HASSAN,M,N,1,1,1,15,2017-08-08,00,,,,,1,1,A,N,1,2015-01-01,2015-01-01,,,,,2024-01-14,,,,878,,,AN,F,0343,110000000,1,R,,,,,,GS,,,,2024-01-14,0,0001,TR001,OCFOHR,,,8,2024
100001096,CAN0001,900000776,10000200,0,01,EMMA,I,SMITH,F,N,1,1,1,15,2018-09-09,00,,,,,1,1,A,N,1,2015-01-01,2015-01-01,,,,,2024-01-14,,,,878,,,AN,F,0343,110000000,1,R,,,,,,GS,,,,2024-01-14,0,0001,TR001,OCFOPROC,,,8,2024
100001233,CAN0001,900000873,10000300,0,01,LIAM,J,JOHNSON,M,N,1,1,1,15,2019-10-10,00,,,,,1,1,A,N,1,2015-01-01,2015-01-01,,,,,2024-01-14,,,,878,,,AN,F,0343,110000000,1,R,,,,,,GS,,,,2024-01-14,0,0001,TR001,OCFOBUD,,,8,2024
100001370,CAN0001,900000970,10000400,0,01,OLIVIA,K,WILLIAMS,F,N,1,1,1,15,2020-11-11,00,,,,,1,1,A,N,1,2015-01-01,2015-01-01,,,,,2024-01-14,,,,878,,,AN,F,0343,110000000,1,R,,,,,,GS,,,,2024-01-14,0,0001,TR001,OCFOACC,,,8,2024
100001507,CAN0001,900001067,10000500,0,01,NOAH,L,BROWN,M,N,1,1,1,15,2021-12-12,00,,,,,1,1,A,N,1,2015-01-01,2015-01-01,,,,,2024-01-14,,,,878,,,AN,F,0343,110000000,1,R,,,,,,GS,,,,2024-01-14,0,0001,TR001,OCFOIT,,,8,2024
100001644,CAN0001,900001164,10000000,0,01,AVA,M,JONES,F,N,1,1,1,15,2022-01-13,00,,,,,1,1,A,N,1,2015-01-01,2015-01-01,,,,,2024-01-14,,,,878,,,AN,F,0343,110000000,1,R,,,,,,GS,,,,2024-01-14,0,0001,TR001,OCFOHR,,,8,2024
100001781,CAN0001,900001261,10000100,0,01,ETHAN,N,MILLER,M,N,1,1,1,15,2023-02-14,00,,,,,1,1,A,N,1,2015-01-01,2015-01-01,,,,,2024-01-14,,,,878,,,AN,F,0343,110000000,1,R,,,,,,GS,,,,2024-01-14,0,0001,TR001,OCFOPROC,,,8,2024
100001918,CAN0001,900001358,10000200,0,01,ISABELLA,O,DAVIS,F,N,1,1,1,15,2024-03-15,00,,,,,1,1,A,N,1,2015-01-01,2015-01-01,,,,,2024-01-14,,,,878,,,AN,F,0343,110000000,1,R,,,,,,GS,,,,2024-01-14,0,0001,TR001,OCFOBUD,,,8,2024
100002055,CAN0001,900001455,10000300,0,01,MASON,P,RODRIGUEZ,M,N,1,1,1,15,2010-04-16,00,,,,,1,1,A,N,1,2015-01-01,2015-01-01,,,,,2024-01-14,,,,878,,,AN,F,0343,110000000,1,R,,,,,,GS,,,,2024-01-14,0,0001,TR001,OCFOACC,,,8,2024
100002192,CAN0001,900001552,10000400,0,01,MIA,Q,MARTINEZ,F,N,1,1,1,15,2011-05-17,00,,,,,1,1,A,N,1,2015-01-01,2015-01-01,,,,,2024-01-14,,,,878,,,AN,F,0343,110000000,1,R,,,,,,GS,,,,2024-01-14,0,0001,TR001,OCFOIT,,,8,2024
100002329,CAN0001,900001649,10000500,0,01,LUCAS,R,HERNANDEZ,M,N,1,1,1,15,2012-06-18,00,,,,,1,1,A,N,1,2015-01-01,2015-01-01,,,,,2024-01-14,,,,878,,,AN,F,0343,110000000,1,R,,,,,,GS,,,,2024-01-14,0,0001,TR001,OCFOHR,,,8,2024
100002466,CAN0001,900001746,10000000,0,01,AMELIA,S,LOPEZ,F,N,1,1,1,15,2013-07-19,00,,,,,1,1,A,N,1,2015-01-01,2015-01-01,,,,,2024-01-14,,,,878,,,AN,F,0343,110000000,1,R,,,,,,GS,,,,2024-01-14,0,0001,TR001,OCFOPROC,,,8,2024
100002603,CAN0001,900001843,10000100,0,01,LOGAN,T,GONZALEZ,M,N,1,1,1,15,2014-08-20,00,,,,,1,1,A,N,1,2015-01-01,2015-01-01,,,,,2024-01-14,,,,878,,,AN,F,0343,110000000,1,R,,,,,,GS,,,,2024-01-14,0,0001,TR001,OCFOBUD,,,8,2024
100002740,CAN0001,900001940,10000200,0,01,HARPER,U,ALVAREZ,F,N,1,1,1,15,2015-09-21,00,,,,,1,1,A,N,1,2015-01-01,2015-01-01,,,,,2024-01-14,,,,878,,,AN,F,0343,110000000,1,R,,,,,,GS,,,,2024-01-14,0,0001,TR001,OCFOACC,,,8,2024
100002877,CAN0001,900002037,10000300,0,01,JACOB,V,CHEN,M,N,1,1,1,15,2016-10-22,00,,,,,1,1,A,N,1,2015-01-01,2015-01-01,,,,,2024-01-14,,,,878,,,AN,F,0343,110000000,1,R,,,,,,GS,,,,2024-01-14,0,0001,TR001,OCFOIT,,,8,2024
100003014,CAN0001,900002134,10000400,0,01,EVELYN,W,PATEL,F,N,1,1,1,15,2017-11-23,00,,,,,1,1,A,N,1,2015-01-01,2015-01-01,,,,,2024-01-14,,,,878,,,AN,F,0343,110000000,1,R,,,,,,GS,,,,2024-01-14,0,0001,TR001,OCFOHR,,,8,2024
100003151,CAN0001,900002231,10000500,0,01,MICHAEL,X,WASHINGTON,M,N,1,1,1,15,2018-12-24,00,,,,,1,1,A,N,1,2015-01-01,2015-01-01,,,,,2024-01-14,,,,878,,,AN,F,0343,110000000,1,R,,,,,,GS,,,,2024-01-14,0,0001,TR001,OCFOPROC,,,8,2024
100003288,CAN0001,900002328,10000000,0,01,ABIGAIL,Y,NGUYEN,F,N,1,1,1,15,2019-01-25,00,,,,,1,1,A,N,1,2015-01-01,2015-01-01,,,,,2024-01-14,,,,878,,,AN,F,0343,110000000,1,R,,,,,,GS,,,,2024-01-14,0,0001,TR001,OCFOBUD,,,8,2024
100003425,CAN0001,900002425,10000100,0,01,ALEXANDER,Z,OKAFOR,M,N,1,1,1,15,2020-02-26,00,,,,,1,1,A,N,1,2015-01-01,2015-01-01,,,,,2024-01-14,,,,878,,,AN,F,0343,110000000,1,R,,,,,,GS,,,,2024-01-14,0,0001,TR001,OCFOACC,,,8,2024
100003562,CAN0001,900002522,10000200,0,01,EMILY,A,GARCIA,F,N,1,1,1,15,2021-03-27,00,,,,,1,1,A,N,1,2015-01-01,2015-01-01,,,,,2024-01-14,,,,878,,,AN,F,0343,110000000,1,R,,,,,,GS,,,,2024-01-14,0,0001,TR001,OCFOIT,,,8,2024
100003699,CAN0001,900002619,10000300,0,01,DANIEL,B,HASSAN,M,N,1,1,1,15,2022-04-28,00,,,,,1,1,A,N,1,2015-01-01,2015-01-01,,,,,2024-01-14,,,,878,,,AN,F,0343,110000000,1,R,,,,,,GS,,,,2024-01-14,0,0001,TR001,OCFOHR,,,8,2024
100003836,CAN0001,900002716,10000400,0,01,ELIZABETH,C,SMITH,F,N,1,1,1,15,2023-05-01,00,,,,,1,1,A,N,1,2015-01-01,2015-01-01,,,,,2024-01-14,,,,878,,,AN,F,0343,110000000,1,R,,,,,,GS,,,,2024-01-14,0,0001,TR001,OCFOPROC,,,8,2024
100003973,CAN0001,900002813,10000500,0,01,MATTHEW,D,JOHNSON,M,N,1,1,1,15,2024-06-02,00,,,,,1,1,A,N,1,2015-01-01,2015-01-01,,,,,2024-01-14,,,,878,,,AN,F,0343,110000000,1,R,,,,,,GS,,,,2024-01-14,0,0001,TR001,OCFOBUD,,,8,2024
100004110,CAN0001,900002910,10000000,0,01,MARIA,E,WILLIAMS,F,N,1,1,1,15,2010-07-03,00,,,,,1,1,A,N,1,2015-01-01,2015-01-01,,,,,2024-01-14,,,,878,,,AN,F,0343,110000000,1,R,,,,,,GS,,,,2024-01-14,0,0001,TR001,OCFOACC,,,8,2024
100004247,CAN0001,900003007,10000100,0,01,DAVID,F,BROWN,M,N,1,1,1,15,2011-08-04,00,,,,,1,1,A,N,1,2015-01-01,2015-01-01,,,,,2024-01-14,,,,878,,,AN,F,0343,110000000,1,R,,,,,,GS,,,,2024-01-14,0,0001,TR001,OCFOIT,,,8,2024
100004384,CAN0001,900003104,10000200,0,01,ANITA,G,JONES,F,N,1,1,1,15,2012-09-05,00,,,,,1,1,A,N,1,2015-01-01,2015-01-01,,,,,2024-01-14,,,,878,,,AN,F,0343,110000000,1,R,,,,,,GS,,,,2024-01-14,0,0001,TR001,OCFOHR,,,8,2024
100004521,CAN0001,900003201,10000300,0,01,JAMES,H,MILLER,M,N,1,1,1,15,2013-10-06,00,,,,,1,1,A,N,1,2015-01-01,2015-01-01,,,,,2024-01-14,,,,878,,,AN,F,0343,110000000,1,R,,,,,,GS,,,,2024-01-14,0,0001,TR001,OCFOPROC,,,8,2024
100004658,CAN0001,900003298,10000400,0,01,LINH,I,DAVIS,F,N,1,1,1,15,2014-11-07,00,,,,,1,1,A,N,1,2015-01-01,2015-01-01,,,,,2024-01-14,,,,878,,,AN,F,0343,110000000,1,R,,,,,,GS,,,,2024-01-14,0,0001,TR001,OCFOBUD,,,8,2024
100004795,CAN0001,900003395,10000500,0,01,CHIDI,J,RODRIGUEZ,M,N,1,1,1,15,2015-12-08,00,,,,,1,1,A,N,1,2015-01-01,2015-01-01,,,,,2024-01-14,,,,878,,,AN,F,0343,110000000,1,R,,,,,,GS,,,,2024-01-14,0,0001,TR001,OCFOACC,,,8,2024
100004932,CAN0001,900003492,10000000,0,01,SOPHIA,K,MARTINEZ,F,N,1,1,1,15,2016-01-09,00,,,,,1,1,A,N,1,2015-01-01,2015-01-01,,,,,2024-01-14,,,,878,,,AN,F,0343,110000000,1,R,,,,,,GS,,,,2024-01-14,0,0001,TR001,OCFOIT,,,8,2024
100005069,CAN0001,900003589,10000100,0,01,OMAR,L,HERNANDEZ,M,N,1,1,1,15,2017-02-10,00,,,,,1,1,A,N,1,2015-01-01,2015-01-01,,,,,2024-01-14,,,,878,,,AN,F,0343,110000000,1,R,,,,,,GS,,,,2024-01-14,0,0001,TR001,OCFOHR,,,8,2024
100005206,CAN0001,900003686,10000200,0,01,EMMA,M,LOPEZ,F,N,1,1,1,15,2018-03-11,00,,,,,1,1,A,N,1,2015-01-01,2015-01-01,,,,,2024-01-14,,,,878,,,AN,F,0343,110000000,1,R,,,,,,GS,,,,2024-01-14,0,0001,TR001,OCFOPROC,,,8,2024
100005343,CAN0001,900003783,10000300,0,01,LIAM,N,GONZALEZ,M,N,1,1,1,15,2019-04-12,00,,,,,1,1,A,N,1,2015-01-01,2015-01-01,,,,,2024-01-14,,,,878,,,AN,F,0343,110000000,1,R,,,,,,GS,,,,2024-01-14,0,0001,TR001,OCFOBUD,,,8,2024
100005480,CAN0001,900003880,10000400,0,01,OLIVIA,O,ALVAREZ,F,N,1,1,1,15,2020-05-13,00,,,,,1,1,A,N,1,2015-01-01,2015-01-01,,,,,2024-01-14,,,,878,,,AN,F,0343,110000000,1,R,,,,,,GS,,,,2024-01-14,0,0001,TR001,OCFOACC,,,8,2024
100005617,CAN0001,900003977,10000500,0,01,NOAH,P,CHEN,M,N,1,1,1,15,2021-06-14,00,,,,,1,1,A,N,1,2015-01-01,2015-01-01,,,,,2024-01-14,,,,878,,,AN,F,0343,110000000,1,R,,,,,,GS,,,,2024-01-14,0,0001,TR001,OCFOIT,,,8,2024
100005754,CAN0001,900004074,10000000,0,01,AVA,Q,PATEL,F,N,1,1,1,15,2022-07-15,00,,,,,1,1,A,N,1,2015-01-01,2015-01-01,,,,,2024-01-14,,,,878,,,AN,F,0343,110000000,1,R,,,,,,GS,,,,2024-01-14,0,0001,TR001,OCFOHR,,,8,2024
100005891,CAN0001,900004171,10000100,0,01,ETHAN,R,WASHINGTON,M,N,1,1,1,15,2023-08-16,00,,,,,1,1,A,N,1,2015-01-01,2015-01-01,,,,,2024-01-14,,,,878,,,AN,F,0343,110000000,1,R,,,,,,GS,,,,2024-01-14,0,0001,TR001,OCFOPROC,,,8,2024
100006028,CAN0001,900004268,10000200,0,01,ISABELLA,S,NGUYEN,F,N,1,1,1,15,2024-09-17,00,,,,,1,1,A,N,1,2015-01-01,2015-01-01,,,,,2024-01-14,,,,878,,,AN,F,0343,110000000,1,R,,,,,,GS,,,,2024-01-14,0,0001,TR001,OCFOBUD,,,8,2024
100006165,CAN0001,900004365,10000300,0,01,MASON,T,OKAFOR,M,N,1,1,1,15,2010-10-18,00,,,,,1,1,A,N,1,2015-01-01,2015-01-01,,,,,2024-01-14,,,,878,,,AN,F,0343,110000000,1,R,,,,,,GS,,,,2024-01-14,0,0001,TR001,OCFOACC,,,8,2024
100006302,CAN0001,900004462,10000400,0,01,MIA,U,GARCIA,F,N,1,1,1,15,2011-11-19,00,,,,,1,1,A,N,1,2015-01-01,2015-01-01,,,,,2024-01-14,,,,878,,,AN,F,0343,110000000,1,R,,,,,,GS,,,,2024-01-14,0,0001,TR001,OCFOIT,,,8,2024
100006439,CAN0001,900004559,10000500,0,01,LUCAS,V,HASSAN,M,N,1,1,1,15,2012-12-20,00,,,,,1,1,A,N,1,2015-01-01,2015-01-01,,,,,2024-01-14,,,,878,,,AN,F,0343,110000000,1,R,,,,,,GS,,,,2024-01-14,0,0001,TR001,OCFOHR,,,8,2024
100006576,CAN0001,900004656,10000000,0,01,AMELIA,W,SMITH,F,N,1,1,1,15,2013-01-21,00,,,,,1,1,A,N,1,2015-01-01,2015-01-01,,,,,2024-01-14,,,,878,,,AN,F,0343,110000000,1,R,,,,,,GS,,,,2024-01-14,0,0001,TR001,OCFOPROC,,,8,2024
100006713,CAN0001,900004753,10000100,0,01,LOGAN,X,JOHNSON,M,N,1,1,1,15,2014-02-22,00,,,,,1,1,A,N,1,2015-01-01,2015-01-01,,,,,2024-01-14,,,,878,,,AN,F,0343,110000000,1,R,,,,,,GS,,,,2024-01-14,0,0001,TR001,OCFOBUD,,,8,2024
100006850,CAN0001,900004850,10000200,0,01,HARPER,Y,WILLIAMS,F,N,1,1,1,15,2015-03-23,00,,,,,1,1,A,N,1,2015-01-01,2015-01-01,,,,,2024-01-14,,,,878,,,AN,F,0343,110000000,1,R,,,,,,GS,,,,2024-01-14,0,0001,TR001,OCFOACC,,,8,2024
100006987,CAN0001,900004947,10000300,0,01,JACOB,Z,BROWN,M,N,1,1,1,15,2016-04-24,00,,,,,1,1,A,N,1,2015-01-01,2015-01-01,,,,,2024-01-14,,,,878,,,AN,F,0343,110000000,1,R,,,,,,GS,,,,2024-01-14,0,0001,TR001,OCFOIT,,,8,2024
100007124,CAN0001,900005044,10000400,0,01,EVELYN,A,JONES,F,N,1,1,1,15,2017-05-25,00,,,,,1,1,A,N,1,2015-01-01,2015-01-01,,,,,2024-01-14,,,,878,,,AN,F,0343,110000000,1,R,,,,,,GS,,,,2024-01-14,0,0001,TR001,OCFOHR,,,8,2024
100007261,CAN0001,900005141,10000500,0,01,MICHAEL,B,MILLER,M,N,1,1,1,15,2018-06-26,00,,,,,1,1,A,N,1,2015-01-01,2015-01-01,,,,,2024-01-14,,,,878,,,AN,F,0343,110000000,1,R,,,,,,GS,,,,2024-01-14,0,0001,TR001,OCFOPROC,,,8,2024
100007398,CAN0001,900005238,10000000,0,01,ABIGAIL,C,DAVIS,F,N,1,1,1,15,2019-07-27,00,,,,,1,1,A,N,1,2015-01-01,2015-01-01,,,,,2024-01-14,,,,878,,,AN,F,0343,110000000,1,R,,,,,,GS,,,,2024-01-14,0,0001,TR001,OCFOBUD,,,8,2024
100007535,CAN0001,900005335,10000100,0,01,ALEXANDER,D,RODRIGUEZ,M,N,1,1,1,15,2020-08-28,00,,,,,1,1,A,N,1,2015-01-01,2015-01-01,,,,,2024-01-14,,,,878,,,AN,F,0343,110000000,1,R,,,,,,GS,,,,2024-01-14,0,0001,TR001,OCFOACC,,,8,2024
100007672,CAN0001,900005432,10000200,0,01,EMILY,E,MARTINEZ,F,N,1,1,1,15,2021-09-01,00,,,,,1,1,A,N,1,2015-01-01,2015-01-01,,,,,2024-01-14,,,,878,,,AN,F,0343,110000000,1,R,,,,,,GS,,,,2024-01-14,0,0001,TR001,OCFOIT,,,8,2024
100007809,CAN0001,900005529,10000300,0,01,DANIEL,F,HERNANDEZ,M,N,1,1,1,15,2022-10-02,00,,,,,1,1,A,N,1,2015-01-01,2015-01-01,,,,,2024-01-14,,,,878,,,AN,F,0343,110000000,1,R,,,,,,GS,,,,2024-01-14,0,0001,TR001,OCFOHR,,,8,2024
100007946,CAN0001,900005626,10000400,0,01,ELIZABETH,G,LOPEZ,F,N,1,1,1,15,2023-11-03,00,,,,,1,1,A,N,1,2015-01-01,2015-01-01,,,,,2024-01-14,,,,878,,,AN,F,0343,110000000,1,R,,,,,,GS,,,,2024-01-14,0,0001,TR001,OCFOPROC,,,8,2024
100008083,CAN0001,900005723,10000500,0,01,MATTHEW,H,GONZALEZ,M,N,1,1,1,15,2024-12-04,00,,,,,1,1,A,N,1,2015-01-01,2015-01-01,,,,,2024-01-14,,,,878,,,AN,F,0343,110000000,1,R,,,,,,GS,,,,2024-01-14,0,0001,TR001,OCFOBUD,,,8,2024
100008220,CAN0001,900005820,10000000,0,01,MARIA,I,ALVAREZ,F,N,1,1,1,15,2010-01-05,00,,,,,1,1,A,N,1,2015-01-01,2015-01-01,,,,,2024-01-14,,,,878,,,AN,F,0343,110000000,1,R,,,,,,GS,,,,2024-01-14,0,0001,TR001,OCFOACC,,,8,2024
100008357,CAN0001,900005917,10000100,0,01,DAVID,J,CHEN,M,N,1,1,1,15,2011-02-06,00,,,,,1,1,A,N,1,2015-01-01,2015-01-01,,,,,2024-01-14,,,,878,,,AN,F,0343,110000000,1,R,,,,,,GS,,,,2024-01-14,0,0001,TR001,OCFOIT,,,8,2024
100008494,CAN0001,900006014,10000200,0,01,ANITA,K,PATEL,F,N,1,1,1,15,2012-03-07,00,,,,,1,1,A,N,1,2015-01-01,2015-01-01,,,,,2024-01-14,,,,878,,,AN,F,0343,110000000,1,R,,,,,,GS,,,,2024-01-14,0,0001,TR001,OCFOHR,,,8,2024
100008631,CAN0001,900006111,10000300,0,01,JAMES,L,WASHINGTON,M,N,1,1,1,15,2013-04-08,00,,,,,1,1,A,N,1,2015-01-01,2015-01-01,,,,,2024-01-14,,,,878,,,AN,F,0343,110000000,1,R,,,,,,GS,,,,2024-01-14,0,0001,TR001,OCFOPROC,,,8,2024
100008768,CAN0001,900006208,10000400,0,01,LINH,M,NGUYEN,F,N,1,1,1,15,2014-05-09,00,,,,,1,1,A,N,1,2015-01-01,2015-01-01,,,,,2024-01-14,,,,878,,,AN,F,0343,110000000,1,R,,,,,,GS,,,,2024-01-14,0,0001,TR001,OCFOBUD,,,8,2024
100008905,CAN0001,900006305,10000500,0,01,CHIDI,N,OKAFOR,M,N,1,1,1,15,2015-06-10,00,,,,,1,1,A,N,1,2015-01-01,2015-01-01,,,,,2024-01-14,,,,878,,,AN,F,0343,110000000,1,R,,,,,,GS,,,,2024-01-14,0,0001,TR001,OCFOACC,,,8,2024
100009042,CAN0001,900006402,10000000,0,01,SOPHIA,O,GARCIA,F,N,1,1,1,15,2016-07-11,00,,,,,1,1,A,N,1,2015-01-01,2015-01-01,,,,,2024-01-14,,,,878,,,AN,F,0343,110000000,1,R,,,,,,GS,,,,2024-01-14,0,0001,TR001,OCFOIT,,,8,2024
100009179,CAN0001,900006499,10000100,0,01,OMAR,P,HASSAN,M,N,1,1,1,15,2017-08-12,00,,,,,1,1,A,N,1,2015-01-01,2015-01-01,,,,,2024-01-14,,,,878,,,AN,F,0343,110000000,1,R,,,,,,GS,,,,2024-01-14,0,0001,TR001,OCFOHR,,,8,2024
100009316,CAN0001,900006596,10000200,0,01,EMMA,Q,SMITH,F,N,1,1,1,15,2018-09-13,00,,,,,1,1,A,N,1,2015-01-01,2015-01-01,,,,,2024-01-14,,,,878,,,AN,F,0343,110000000,1,R,,,,,,GS,,,,2024-01-14,0,0001,TR001,OCFOPROC,,,8,2024
100009453,CAN0001,900006693,10000300,0,01,LIAM,R,JOHNSON,M,N,1,1,1,15,2019-10-14,00,,,,,1,1,A,N,1,2015-01-01,2015-01-01,,,,,2024-01-14,,,,878,,,AN,F,0343,110000000,1,R,,,,,,GS,,,,2024-01-14,0,0001,TR001,OCFOBUD,,,8,2024
100009590,CAN0001,900006790,10000400,0,01,OLIVIA,S,WILLIAMS,F,N,1,1,1,15,2020-11-15,00,,,,,1,1,A,N,1,2015-01-01,2015-01-01,,,,,2024-01-14,,,,878,,,AN,F,0343,110000000,1,R,,,,,,GS,,,,2024-01-14,0,0001,TR001,OCFOACC,,,8,2024
100009727,CAN0001,900006887,10000500,0,01,NOAH,T,BROWN,M,N,1,1,1,15,2021-12-16,00,,,,,1,1,A,N,1,2015-01-01,2015-01-01,,,,,2024-01-14,,,,878,,,AN,F,0343,110000000,1,R,,,,,,GS,,,,2024-01-14,0,0001,TR001,OCFOIT,,,8,2024
100009864,CAN0001,900006984,10000000,0,01,AVA,U,JONES,F,N,1,1,1,15,2022-01-17,00,,,,,1,1,A,N,1,2015-01-01,2015-01-01,,,,,2024-01-14,,,,878,,,AN,F,0343,110000000,1,R,,,,,,GS,,,,2024-01-14,0,0001,TR001,OCFOHR,,,8,2024
100010001,CAN0001,900007081,10000100,0,01,ETHAN,V,MILLER,M,N,1,1,1,15,2023-02-18,00,,,,,1,1,A,N,1,2015-01-01,2015-01-01,,,,,2024-01-14,,,,878,,,AN,F,0343,110000000,1,R,,,,,,GS,,,,2024-01-14,0,0001,TR001,OCFOPROC,,,8,2024
100010138,CAN0001,900007178,10000200,0,01,ISABELLA,W,DAVIS,F,N,1,1,1,15,2024-03-19,00,,,,,1,1,A,N,1,2015-01-01,2015-01-01,,,,,2024-01-14,,,,878,,,AN,F,0343,110000000,1,R,,,,,,GS,,,,2024-01-14,0,0001,TR001,OCFOBUD,,,8,2024
100010275,CAN0001,900007275,10000300,0,01,MASON,X,RODRIGUEZ,M,N,1,1,1,15,2010-04-20,00,,,,,1,1,A,N,1,2015-01-01,2015-01-01,,,,,2024-01-14,,,,878,,,AN,F,0343,110000000,1,R,,,,,,GS,,,,2024-01-14,0,0001,TR001,OCFOACC,,,8,2024
100010412,CAN0001,900007372,10000400,0,01,MIA,Y,MARTINEZ,F,N,1,1,1,15,2011-05-21,00,,,,,1,1,A,N,1,2015-01-01,2015-01-01,,,,,2024-01-14,,,,878,,,AN,F,0343,110000000,1,R,,,,,,GS,,,,2024-01-14,0,0001,TR001,OCFOIT,,,8,2024
100010549,CAN0001,900007469,10000500,0,01,LUCAS,Z,HERNANDEZ,M,N,1,1,1,15,2012-06-22,00,,,,,1,1,A,N,1,2015-01-01,2015-01-01,,,,,2024-01-14,,,,878,,,AN,F,0343,110000000,1,R,,,,,,GS,,,,2024-01-14,0,0001,TR001,OCFOHR,,,8,2024
100010686,CAN0001,900007566,10000000,0,01,AMELIA,A,LOPEZ,F,N,1,1,1,15,2013-07-23,00,,,,,1,1,A,N,1,2015-01-01,2015-01-01,,,,,2024-01-14,,,,878,,,AN,F,0343,110000000,1,R,,,,,,GS,,,,2024-01-14,0,0001,TR001,OCFOPROC,,,8,2024
100010823,CAN0001,900007663,10000100,0,01,LOGAN,B,GONZALEZ,M,N,1,1,1,15,2014-08-24,00,,,,,1,1,A,N,1,2015-01-01,2015-01-01,,,,,2024-01-14,,,,878,,,AN,F,0343,110000000,1,R,,,,,,GS,,,,2024-01-14,0,0001,TR001,OCFOBUD,,,8,2024
100010960,CAN0001,900007760,10000200,0,01,HARPER,C,ALVAREZ,F,N,1,1,1,15,2015-09-25,00,,,,,1,1,A,N,1,2015-01-01,2015-01-01,,,,,2024-01-14,,,,878,,,AN,F,0343,110000000,1,R,,,,,,GS,,,,2024-01-14,0,0001,TR001,OCFOACC,,,8,2024
100011097,CAN0001,900007857,10000300,0,01,JACOB,D,CHEN,M,N,1,1,1,15,2016-10-26,00,,,,,1,1,A,N,1,2015-01-01,2015-01-01,,,,,2024-01-14,,,,878,,,AN,F,0343,110000000,1,R,,,,,,GS,,,,2024-01-14,0,0001,TR001,OCFOIT,,,8,2024
100011234,CAN0001,900007954,10000400,0,01,EVELYN,E,PATEL,F,N,1,1,1,15,2017-11-27,00,,,,,1,1,A,N,1,2015-01-01,2015-01-01,,,,,2024-01-14,,,,878,,,AN,F,0343,110000000,1,R,,,,,,GS,,,,2024-01-14,0,0001,TR001,OCFOHR,,,8,2024
100011371,CAN0001,900008051,10000500,0,01,MICHAEL,F,WASHINGTON,M,N,1,1,1,15,2018-12-28,00,,,,,1,1,A,N,1,2015-01-01,2015-01-01,,,,,2024-01-14,,,,878,,,AN,F,0343,110000000,1,R,,,,,,GS,,,,2024-01-14,0,0001,TR001,OCFOPROC,,,8,2024
100011508,CAN0001,900008148,10000000,0,01,ABIGAIL,G,NGUYEN,F,N,1,1,1,15,2019-01-01,00,,,,,1,1,A,N,1,2015-01-01,2015-01-01,,,,,2024-01-14,,,,878,,,AN,F,0343,110000000,1,R,,,,,,GS,,,,2024-01-14,0,0001,TR001,OCFOBUD,,,8,2024
100011645,CAN0001,900008245,10000100,0,01,ALEXANDER,H,OKAFOR,M,N,1,1,1,15,2020-02-02,00,,,,,1,1,A,N,1,2015-01-01,2015-01-01,,,,,2024-01-14,,,,878,,,AN,F,0343,110000000,1,R,,,,,,GS,,,,2024-01-14,0,0001,TR001,OCFOACC,,,8,2024
100011782,CAN0001,900008342,10000200,0,01,EMILY,I,GARCIA,F,N,1,1,1,15,2021-03-03,00,,,,,1,1,A,N,1,2015-01-01,2015-01-01,,,,,2024-01-14,,,,878,,,AN,F,0343,110000000,1,R,,,,,,GS,,,,2024-01-14,0,0001,TR001,OCFOIT,,,8,2024
100011919,CAN0001,900008439,10000300,0,01,DANIEL,J,HASSAN,M,N,1,1,1,15,2022-04-04,00,,,,,1,1,A,N,1,2015-01-01,2015-01-01,,,,,2024-01-14,,,,878,,,AN,F,0343,110000000,1,R,,,,,,GS,,,,2024-01-14,0,0001,TR001,OCFOHR,,,8,2024
100012056,CAN0001,900008536,10000400,0,01,ELIZABETH,K,SMITH,F,N,1,1,1,15,2023-05-05,00,,,,,1,1,A,N,1,2015-01-01,2015-01-01,,,,,2024-01-14,,,,878,,,AN,F,0343,110000000,1,R,,,,,,GS,,,,2024-01-14,0,0001,TR001,OCFOPROC,,,8,2024
100012193,CAN0001,900008633,10000500,0,01,MATTHEW,L,JOHNSON,M,N,1,1,1,15,2024-06-06,00,,,,,1,1,A,N,1,2015-01-01,2015-01-01,,,,,2024-01-14,,,,878,,,AN,F,0343,110000000,1,R,,,,,,GS,,,,2024-01-14,0,0001,TR001,OCFOBUD,,,8,2024
100012330,CAN0001,900008730,10000000,0,01,MARIA,M,WILLIAMS,F,N,1,1,1,15,2010-07-07,00,,,,,1,1,A,N,1,2015-01-01,2015-01-01,,,,,2024-01-14,,,,878,,,AN,F,0343,110000000,1,R,,,,,,GS,,,,2024-01-14,0,0001,TR001,OCFOACC,,,8,2024
100012467,CAN0001,900008827,10000100,0,01,DAVID,N,BROWN,M,N,1,1,1,15,2011-08-08,00,,,,,1,1,A,N,1,2015-01-01,2015-01-01,,,,,2024-01-14,,,,878,,,AN,F,0343,110000000,1,R,,,,,,GS,,,,2024-01-14,0,0001,TR001,OCFOIT,,,8,2024
100012604,CAN0001,900008924,10000200,0,01,ANITA,O,JONES,F,N,1,1,1,15,2012-09-09,00,,,,,1,1,A,N,1,2015-01-01,2015-01-01,,,,,2024-01-14,,,,878,,,AN,F,0343,110000000,1,R,,,,,,GS,,,,2024-01-14,0,0001,TR001,OCFOHR,,,8,2024
100012741,CAN0001,900009021,10000300,0,01,JAMES,P,MILLER,M,N,1,1,1,15,2013-10-10,00,,,,,1,1,A,N,1,2015-01-01,2015-01-01,,,,,2024-01-14,,,,878,,,AN,F,0343,110000000,1,R,,,,,,GS,,,,2024-01-14,0,0001,TR001,OCFOPROC,,,8,2024
100012878,CAN0001,900009118,10000400,0,01,LINH,Q,DAVIS,F,N,1,1,1,15,2014-11-11,00,,,,,1,1,A,N,1,2015-01-01,2015-01-01,,,,,2024-01-14,,,,878,,,AN,F,0343,110000000,1,R,,,,,,GS,,,,2024-01-14,0,0001,TR001,OCFOBUD,,,8,2024
100013015,CAN0001,900009215,10000500,0,01,CHIDI,R,RODRIGUEZ,M,N,1,1,1,15,2015-12-12,00,,,,,1,1,A,N,1,2015-01-01,2015-01-01,,,,,2024-01-14,,,,878,,,AN,F,0343,110000000,1,R,,,,,,GS,,,,2024-01-14,0,0001,TR001,OCFOACC,,,8,2024
100013152,CAN0001,900009312,10000000,0,01,SOPHIA,S,MARTINEZ,F,N,1,1,1,15,2016-01-13,00,,,,,1,1,A,N,1,2015-01-01,2015-01-01,,,,,2024-01-14,,,,878,,,AN,F,0343,110000000,1,R,,,,,,GS,,,,2024-01-14,0,0001,TR001,OCFOIT,,,8,2024
100013289,CAN0001,900009409,10000100,0,01,OMAR,T,HERNANDEZ,M,N,1,1,1,15,2017-02-14,00,,,,,1,1,A,N,1,2015-01-01,2015-01-01,,,,,2024-01-14,,,,878,,,AN,F,0343,110000000,1,R,,,,,,GS,,,,2024-01-14,0,0001,TR001,OCFOHR,,,8,2024
100013426,CAN0001,900009506,10000200,0,01,EMMA,U,LOPEZ,F,N,1,1,1,15,2018-03-15,00,,,,,1,1,A,N,1,2015-01-01,2015-01-01,,,,,2024-01-14,,,,878,,,AN,F,0343,110000000,1,R,,,,,,GS,,,,2024-01-14,0,0001,TR001,OCFOPROC,,,8,2024
100013563,CAN0001,900009603,10000300,0,01,LIAM,V,GONZALEZ,M,N,1,1,1,15,2019-04-16,00,,,,,1,1,A,N,1,2015-01-01,2015-01-01,,,,,2024-01-14,,,,878,,,AN,F,0343,110000000,1,R,,,,,,GS,,,,2024-01-14,0,0001,TR001,OCFOBUD,,,8,2024
100013700,CAN0001,900009700,10000400,0,01,OLIVIA,W,ALVAREZ,F,N,1,1,1,15,2020-05-17,00,,,,,1,1,A,N,1,2015-01-01,2015-01-01,,,,,2024-01-14,,,,878,,,AN,F,0343,110000000,1,R,,,,,,GS,,,,2024-01-14,0,0001,TR001,OCFOACC,,TK500,8,2024
100013837,CAN0001,900009797,10000500,0,01,NOAH,X,CHEN,M,N,1,1,1,15,2021-06-18,00,,,,,1,1,A,N,1,2015-01-01,2015-01-01,,,,,2024-01-14,,,,878,,,AN,F,0343,110000000,1,R,,,,,,GS,,,,2024-01-14,0,0001,TR001,OCFOIT,,TK501,8,2024
100013974,CAN0001,900009894,10000000,0,01,AVA,Y,PATEL,F,N,1,1,1,15,2022-07-19,00,,,,,1,1,A,N,1,2015-01-01,2015-01-01,,,,,2024-01-14,,,,878,,,AN,F,0343,110000000,1,R,,,,,,GS,,,,2024-01-14,0,0001,TR001,OCFOHR,,TK502,8,2024
100014111,CAN0001,900009991,10000100,0,01,ETHAN,Z,WASHINGTON,M,N,1,1,1,15,2023-08-20,00,,,,,1,1,A,N,1,2015-01-01,2015-01-01,,,,,2024-01-14,,,,878,,,AN,F,0343,110000000,1,R,,,,,,GS,,,,2024-01-14,0,0001,TR001,OCFOPROC,,TK503,8,2024
100014248,CAN0001,900010088,10000200,0,01,ISABELLA,A,NGUYEN,F,N,1,1,1,15,2024-09-21,00,,,,,1,1,A,N,1,2015-01-01,2015-01-01,,,,,2024-01-14,,,,878,,,AN,F,0343,110000000,1,R,,,,,,GS,,,,2024-01-14,0,0001,TR001,OCFOBUD,,TK504,8,2024
100014385,CAN0001,900010185,10000300,0,01,MASON,B,OKAFOR,M,N,1,1,1,15,2010-10-22,00,,,,,1,1,A,N,1,2015-01-01,2015-01-01,,,,,2024-01-14,,,,878,,,AN,F,0343,110000000,1,R,,,,,,GS,,,,2024-01-14,0,0001,TR001,OCFOACC,,TK505,8,2024
100014522,CAN0001,900010282,10000400,0,01,MIA,C,GARCIA,F,N,1,1,1,15,2011-11-23,00,,,,,1,1,A,N,1,2015-01-01,2015-01-01,,,,,2024-01-14,,,,878,,,AN,F,0343,110000000,1,R,,,,,,GS,,,,2024-01-14,0,0001,TR001,OCFOIT,,TK506,8,2024
100014659,CAN0001,900010379,10000500,0,01,LUCAS,D,HASSAN,M,N,1,1,1,15,2012-12-24,00,,,,,1,1,A,N,1,2015-01-01,2015-01-01,,,,,2024-01-14,,,,878,,,AN,F,0343,110000000,1,R,,,,,,GS,,,,2024-01-14,0,0001,TR001,OCFOHR,,TK507,8,2024
100014796,CAN0001,900010476,10000000,0,01,AMELIA,E,SMITH,F,N,1,1,1,15,2013-01-25,00,,,,,1,1,A,N,1,2015-01-01,2015-01-01,,,,,2024-01-14,,,,878,,,AN,F,0343,110000000,1,R,,,,,,GS,,,,2024-01-14,0,0001,TR001,OCFOPROC,,TK508,8,2024
100014933,CAN0001,900010573,10000100,0,01,LOGAN,F,JOHNSON,M,N,1,1,1,15,2014-02-26,00,,,,,1,1,A,N,1,2015-01-01,2015-01-01,,,,,2024-01-14,,,,878,,,AN,F,0343,110000000,1,R,,,,,,GS,,,,2024-01-14,0,0001,TR001,OCFOBUD,,TK509,8,2024
100015070,CAN0001,900010670,10000200,0,01,HARPER,G,WILLIAMS,F,N,1,1,1,15,2015-03-27,00,,,,,1,1,A,N,1,2015-01-01,2015-01-01,,,,,2024-01-14,,,,878,,,AN,F,0343,110000000,1,R,,,,,,GS,,,,2024-01-14,0,0001,TR001,OCFOACC,,TK510,8,2024
100015207,CAN0001,900010767,10000300,0,01,JACOB,H,BROWN,M,N,1,1,1,15,2016-04-28,00,,,,,1,1,A,N,1,2015-01-01,2015-01-01,,,,,2024-01-14,,,,878,,,AN,F,0343,110000000,1,R,,,,,,GS,,,,2024-01-14,0,0001,TR001,OCFOIT,,TK511,8,2024
100015344,CAN0001,900010864,10000400,0,01,EVELYN,I,JONES,F,N,1,1,1,15,2017-05-01,00,,,,,1,1,A,N,1,2015-01-01,2015-01-01,,,,,2024-01-14,,,,878,,,AN,F,0343,110000000,1,R,,,,,,GS,,,,2024-01-14,0,0001,TR001,OCFOHR,,TK512,8,2024
100015481,CAN0001,900010961,10000500,0,01,MICHAEL,J,MILLER,M,N,1,1,1,15,2018-06-02,00,,,,,1,1,A,N,1,2015-01-01,2015-01-01,,,,,2024-01-14,,,,878,,,AN,F,0343,110000000,1,R,,,,,,GS,,,,2024-01-14,0,0001,TR001,OCFOPROC,,TK513,8,2024
100015618,CAN0001,900011058,10000000,0,01,ABIGAIL,K,DAVIS,F,N,1,1,1,15,2019-07-03,00,,,,,1,1,A,N,1,2015-01-01,2015-01-01,,,,,2024-01-14,,,,878,,,AN,F,0343,110000000,1,R,,,,,,GS,,,,2024-01-14,0,0001,TR001,OCFOBUD,,TK514,8,2024
100015755,CAN0001,900011155,10000100,0,01,ALEXANDER,L,RODRIGUEZ,M,N,1,1,1,15,2020-08-04,00,,,,,1,1,A,N,1,2015-01-01,2015-01-01,,,,,2024-01-14,,,,878,,,AN,F,0343,110000000,1,R,,,,,,GS,,,,2024-01-14,0,0001,TR001,OCFOACC,,TK515,8,2024
100015892,CAN0001,900011252,10000200,0,01,EMILY,M,MARTINEZ,F,N,1,1,1,15,2021-09-05,00,,,,,1,1,A,N,1,2015-01-01,2015-01-01,,,,,2024-01-14,,,,878,,,AN,F,0343,110000000,1,R,,,,,,GS,,,,2024-01-14,0,0001,TR001,OCFOIT,,TK516,8,2024
100016029,CAN0001,900011349,10000300,0,01,DANIEL,N,HERNANDEZ,M,N,1,1,1,15,2022-10-06,00,,,,,1,1,A,N,1,2015-01-01,2015-01-01,,,,,2024-01-14,,,,878,,,AN,F,0343,110000000,1,R,,,,,,GS,,,,2024-01-14,0,0001,TR001,OCFOHR,,TK517,8,2024
100016166,CAN0001,900011446,10000400,0,01,ELIZABETH,O,LOPEZ,F,N,1,1,1,15,2023-11-07,00,,,,,1,1,A,N,1,2015-01-01,2015-01-01,,,,,2024-01-14,,,,878,,,AN,F,0343,110000000,1,R,,,,,,GS,,,,2024-01-14,0,0001,TR001,OCFOPROC,,TK518,8,2024
100016303,CAN0001,900011543,10000500,0,01,MATTHEW,P,GONZALEZ,M,N,1,1,1,15,2024-12-08,00,,,,,1,1,A,N,1,2015-01-01,2015-01-01,,,,,2024-01-14,,,,878,,,AN,F,0343,110000000,1,R,,,,,,GS,,,,2024-01-14,0,0001,TR001,OCFOBUD,,TK519,8,2024
100016440,CAN0001,900011640,10000000,0,01,MARIA,Q,ALVAREZ,F,N,1,1,1,15,2010-01-09,00,,,,,1,1,A,N,1,2015-01-01,2015-01-01,,,,,2024-01-14,,,,878,,,AN,F,0343,110000000,1,R,,,,,,GS,,,,2024-01-14,0,0001,TR001,OCFOACC,,TK520,8,2024
100016577,CAN0001,900011737,10000100,0,01,DAVID,R,CHEN,M,N,1,1,1,15,2011-02-10,00,,,,,1,1,A,N,1,2015-01-01,2015-01-01,,,,,2024-01-14,,,,878,,,AN,F,0343,110000000,1,R,,,,,,GS,,,,2024-01-14,0,0001,TR001,OCFOIT,,TK521,8,2024
100016714,CAN0001,900011834,10000200,0,01,ANITA,S,PATEL,F,N,1,1,1,15,2012-03-11,00,,,,,1,1,A,N,1,2015-01-01,2015-01-01,,,,,2024-01-14,,,,878,,,AN,F,0343,110000000,1,R,,,,,,GS,,,,2024-01-14,0,0001,TR001,OCFOHR,,TK522,8,2024
100016851,CAN0001,900011931,10000300,0,01,JAMES,T,WASHINGTON,M,N,1,1,1,15,2013-04-12,00,,,,,1,1,A,N,1,2015-01-01,2015-01-01,,,,,2024-01-14,,,,878,,,AN,F,0343,110000000,1,R,,,,,,GS,,,,2024-01-14,0,0001,TR001,OCFOPROC,,TK523,8,2024
100016988,CAN0001,900012028,10000400,0,01,LINH,U,NGUYEN,F,N,1,1,1,15,2014-05-13,00,,,,,1,1,A,N,1,2015-01-01,2015-01-01,,,,,2024-01-14,,,,878,,,AN,F,0343,110000000,1,R,,,,,,GS,,,,2024-01-14,0,0001,TR001,OCFOBUD,,TK524,8,2024
100017125,CAN0001,900012125,10000500,0,01,CHIDI,V,OKAFOR,M,N,1,1,1,15,2015-06-14,00,,,,,1,1,A,N,1,2015-01-01,2015-01-01,,,,,2024-01-14,,,,878,,,AN,F,0343,110000000,1,R,,,,,,GS,,,,2024-01-14,0,0001,TR001,OCFOACC,,TK525,8,2024
100017262,CAN0001,900012222,10000000,0,01,SOPHIA,W,GARCIA,F,N,1,1,1,15,2016-07-15,00,,,,,1,1,A,N,1,2015-01-01,2015-01-01,,,,,2024-01-14,,,,878,,,AN,F,0343,110000000,1,R,,,,,,GS,,,,2024-01-14,0,0001,TR001,OCFOIT,,TK526,8,2024
100017399,CAN0001,900012319,10000100,0,01,OMAR,X,HASSAN,M,N,1,1,1,15,2017-08-16,00,,,,,1,1,A,N,1,2015-01-01,2015-01-01,,,,,2024-01-14,,,,878,,,AN,F,0343,110000000,1,R,,,,,,GS,,,,2024-01-14,0,0001,TR001,OCFOHR,,TK527,8,2024
100017536,CAN0001,900012416,10000200,0,01,EMMA,Y,SMITH,F,N,1,1,1,15,2018-09-17,00,,,,,1,1,A,N,1,2015-01-01,2015-01-01,,,,,2024-01-14,,,,878,,,AN,F,0343,110000000,1,R,,,,,,GS,,,,2024-01-14,0,0001,TR001,OCFOPROC,,TK528,8,2024
100017673,CAN0001,900012513,10000300,0,01,LIAM,Z,JOHNSON,M,N,1,1,1,15,2019-10-18,00,,,,,1,1,A,N,1,2015-01-01,2015-01-01,,,,,2024-01-14,,,,878,,,AN,F,0343,110000000,1,R,,,,,,GS,,,,2024-01-14,0,0001,TR001,OCFOBUD,,TK529,8,2024
100017810,CAN0001,900012610,10000400,0,01,OLIVIA,A,WILLIAMS,F,N,1,1,1,15,2020-11-19,00,,,,,1,1,A,N,1,2015-01-01,2015-01-01,,,,,2024-01-14,,,,878,,,AN,F,0343,110000000,1,R,,,,,,GS,,,,2024-01-14,0,0001,TR001,OCFOACC,,TK530,8,2024
100017947,CAN0001,900012707,10000500,0,01,NOAH,B,BROWN,M,N,1,1,1,15,2021-12-20,00,,,,,1,1,A,N,1,2015-01-01,2015-01-01,,,,,2024-01-14,,,,878,,,AN,F,0343,110000000,1,R,,,,,,GS,,,,2024-01-14,0,0001,TR001,OCFOIT,,TK531,8,2024
100018084,CAN0001,900012804,10000000,0,01,AVA,C,JONES,F,N,1,1,1,15,2022-01-21,00,,,,,1,1,A,N,1,2015-01-01,2015-01-01,,,,,2024-01-14,,,,878,,,AN,F,0343,110000000,1,R,,,,,,GS,,,,2024-01-14,0,0001,TR001,OCFOHR,,TK532,8,2024
100018221,CAN0001,900012901,10000100,0,01,ETHAN,D,MILLER,M,N,1,1,1,15,2023-02-22,00,,,,,1,1,A,N,1,2015-01-01,2015-01-01,,,,,2024-01-14,,,,878,,,AN,F,0343,110000000,1,R,,,,,,GS,,,,2024-01-14,0,0001,TR001,OCFOPROC,,TK533,8,2024
100018358,CAN0001,900012998,10000200,0,01,ISABELLA,E,DAVIS,F,N,1,1,1,15,2024-03-23,00,,,,,1,1,A,N,1,2015-01-01,2015-01-01,,,,,2024-01-14,,,,878,,,AN,F,0343,110000000,1,R,,,,,,GS,,,,2024-01-14,0,0001,TR001,OCFOBUD,,TK534,8,2024
100018495,CAN0001,900013095,10000300,0,01,MASON,F,RODRIGUEZ,M,N,1,1,1,15,2010-04-24,00,,,,,1,1,A,N,1,2015-01-01,2015-01-01,,,,,2024-01-14,,,,878,,,AN,F,0343,110000000,1,R,,,,,,GS,,,,2024-01-14,0,0001,TR001,OCFOACC,,TK535,8,2024
100018632,CAN0001,900013192,10000400,0,01,MIA,G,MARTINEZ,F,N,1,1,1,15,2011-05-25,00,,,,,1,1,A,N,1,2015-01-01,2015-01-01,,,,,2024-01-14,,,,878,,,AN,F,0343,110000000,1,R,,,,,,GS,,,,2024-01-14,0,0001,TR001,OCFOIT,,TK536,8,2024
100018769,CAN0001,900013289,10000500,0,01,LUCAS,H,HERNANDEZ,M,N,1,1,1,15,2012-06-26,00,,,,,1,1,A,N,1,2015-01-01,2015-01-01,,,,,2024-01-14,,,,878,,,AN,F,0343,110000000,1,R,,,,,,GS,,,,2024-01-14,0,0001,TR001,OCFOHR,,TK537,8,2024
100018906,CAN0001,900013386,10000000,0,01,AMELIA,I,LOPEZ,F,N,1,1,1,15,2013-07-27,00,,,,,1,1,A,N,1,2015-01-01,2015-01-01,,,,,2024-01-14,,,,878,,,AN,F,0343,110000000,1,R,,,,,,GS,,,,2024-01-14,0,0001,TR001,OCFOPROC,,TK538,8,2024
100019043,CAN0001,900013483,10000100,0,01,LOGAN,J,GONZALEZ,M,N,1,1,1,15,2014-08-28,00,,,,,1,1,A,N,1,2015-01-01,2015-01-01,,,,,2024-01-14,,,,878,,,AN,F,0343,110000000,1,R,,,,,,GS,,,,2024-01-14,0,0001,TR001,OCFOBUD,,TK539,8,2024
100019180,CAN0001,900013580,10000200,0,01,HARPER,K,ALVAREZ,F,N,1,1,1,15,2015-09-01,00,,,,,1,1,A,N,1,2015-01-01,2015-01-01,,,,,2024-01-14,,,,878,,,AN,F,0343,110000000,1,R,,,,,,GS,,,,2024-01-14,0,0001,TR001,OCFOACC,,TK540,8,2024
100019317,CAN0001,900013677,10000300,0,01,JACOB,L,CHEN,M,N,1,1,1,15,2016-10-02,00,,,,,1,1,A,N,1,2015-01-01,2015-01-01,,,,,2024-01-14,,,,878,,,AN,F,0343,110000000,1,R,,,,,,GS,,,,2024-01-14,0,0001,TR001,OCFOIT,,TK541,8,2024
100019454,CAN0001,900013774,10000400,0,01,EVELYN,M,PATEL,F,N,1,1,1,15,2017-11-03,00,,,,,1,1,A,N,1,2015-01-01,2015-01-01,,,,,2024-01-14,,,,878,,,AN,F,0343,110000000,1,R,,,,,,GS,,,,2024-01-14,0,0001,TR001,OCFOHR,,TK542,8,2024
100019591,CAN0001,900013871,10000500,0,01,MICHAEL,N,WASHINGTON,M,N,1,1,1,15,2018-12-04,00,,,,,1,1,A,N,1,2015-01-01,2015-01-01,,,,,2024-01-14,,,,878,,,AN,F,0343,110000000,1,R,,,,,,GS,,,,2024-01-14,0,0001,TR001,OCFOPROC,,TK543,8,2024
100019728,CAN0001,900013968,10000000,0,01,ABIGAIL,O,NGUYEN,F,N,1,1,1,15,2019-01-05,00,,,,,1,1,A,N,1,2015-01-01,2015-01-01,,,,,2024-01-14,,,,878,,,AN,F,0343,110000000,1,R,,,,,,GS,,,,2024-01-14,0,0001,TR001,OCFOBUD,,TK544,8,2024
100019865,CAN0001,900014065,10000100,0,01,ALEXANDER,P,OKAFOR,M,N,1,1,1,15,2020-02-06,00,,,,,1,1,A,N,1,2015-01-01,2015-01-01,,,,,2024-01-14,,,,878,,,AN,F,0343,110000000,1,R,,,,,,GS,,,,2024-01-14,0,0001,TR001,OCFOACC,,TK545,8,2024
100020002,CAN0001,900014162,10000200,0,01,EMILY,Q,GARCIA,F,N,1,1,1,15,2021-03-07,00,,,,,1,1,A,N,1,2015-01-01,2015-01-01,,,,,2024-01-14,,,,878,,,AN,F,0343,110000000,1,R,,,,,,GS,,,,2024-01-14,0,0001,TR001,OCFOIT,,TK546,8,2024
100020139,CAN0001,900014259,10000300,0,01,DANIEL,R,HASSAN,M,N,1,1,1,15,2022-04-08,00,,,,,1,1,A,N,1,2015-01-01,2015-01-01,,,,,2024-01-14,,,,878,,,AN,F,0343,110000000,1,R,,,,,,GS,,,,2024-01-14,0,0001,TR001,OCFOHR,,TK547,8,2024
100020276,CAN0001,900014356,10000400,0,01,ELIZABETH,S,SMITH,F,N,1,1,1,15,2023-05-09,00,,,,,1,1,A,N,1,2015-01-01,2015-01-01,,,,,2024-01-14,,,,878,,,AN,F,0343,110000000,1,R,,,,,,GS,,,,2024-01-14,0,0001,TR001,OCFOPROC,,TK548,8,2024
100020413,CAN0001,900014453,10000500,0,01,MATTHEW,T,JOHNSON,M,N,1,1,1,15,2024-06-10,00,,,,,1,1,A,N,1,2015-01-01,2015-01-01,,,,,2024-01-14,,,,878,,,AN,F,0343,110000000,1,R,,,,,,GS,,,,2024-01-14,0,0001,TR001,OCFOBUD,,TK549,8,2024
100020550,CAN0001,900014550,10000000,0,01,MARIA,U,WILLIAMS,F,N,1,1,1,15,2010-07-11,00,,,,,1,1,A,N,1,2015-01-01,2015-01-01,,,,,2024-01-14,,,,878,,,AN,F,0343,110000000,1,R,,,,,,GS,,,,2024-01-14,0,0001,TR001,OCFOACC,,TK550,8,2024
100020687,CAN0001,900014647,10000100,0,01,DAVID,V,BROWN,M,N,1,1,1,15,2011-08-12,00,,,,,1,1,A,N,1,2015-01-01,2015-01-01,,,,,2024-01-14,,,,878,,,AN,F,0343,110000000,1,R,,,,,,GS,,,,2024-01-14,0,0001,TR001,OCFOIT,,TK551,8,2024
100020824,CAN0001,900014744,10000200,0,01,ANITA,W,JONES,F,N,1,1,1,15,2012-09-13,00,,,,,1,1,A,N,1,2015-01-01,2015-01-01,,,,,2024-01-14,,,,878,,,AN,F,0343,110000000,1,R,,,,,,GS,,,,2024-01-14,0,0001,TR001,OCFOHR,,TK552,8,2024
100020961,CAN0001,900014841,10000300,0,01,JAMES,X,MILLER,M,N,1,1,1,15,2013-10-14,00,,,,,1,1,A,N,1,2015-01-01,2015-01-01,,,,,2024-01-14,,,,878,,,AN,F,0343,110000000,1,R,,,,,,GS,,,,2024-01-14,0,0001,TR001,OCFOPROC,,TK553,8,2024
100021098,CAN0001,900014938,10000400,0,01,LINH,Y,DAVIS,F,N,1,1,1,15,2014-11-15,00,,,,,1,1,A,N,1,2015-01-01,2015-01-01,,,,,2024-01-14,,,,878,,,AN,F,0343,110000000,1,R,,,,,,GS,,,,2024-01-14,0,0001,TR001,OCFOBUD,,TK554,8,2024
100021235,CAN0001,900015035,10000500,0,01,CHIDI,Z,RODRIGUEZ,M,N,1,1,1,15,2015-12-16,00,,,,,1,1,A,N,1,2015-01-01,2015-01-01,,,,,2024-01-14,,,,878,,,AN,F,0343,110000000,1,R,,,,,,GS,,,,2024-01-14,0,0001,TR001,OCFOACC,,TK555,8,2024
100021372,CAN0001,900015132,10000000,0,01,SOPHIA,A,MARTINEZ,F,N,1,1,1,15,2016-01-17,00,,,,,1,1,A,N,1,2015-01-01,2015-01-01,,,,,2024-01-14,,,,878,,,AN,F,0343,110000000,1,R,,,,,,GS,,,,2024-01-14,0,0001,TR001,OCFOIT,,TK556,8,2024
100021509,CAN0001,900015229,10000100,0,01,OMAR,B,HERNANDEZ,M,N,1,1,1,15,2017-02-18,00,,,,,1,1,A,N,1,2015-01-01,2015-01-01,,,,,2024-01-14,,,,878,,,AN,F,0343,110000000,1,R,,,,,,GS,,,,2024-01-14,0,0001,TR001,OCFOHR,,TK557,8,2024
100021646,CAN0001,900015326,10000200,0,01,EMMA,C,LOPEZ,F,N,1,1,1,15,2018-03-19,00,,,,,1,1,A,N,1,2015-01-01,2015-01-01,,,,,2024-01-14,,,,878,,,AN,F,0343,110000000,1,R,,,,,,GS,,,,2024-01-14,0,0001,TR001,OCFOPROC,,TK558,8,2024
100021783,CAN0001,900015423,10000300,0,01,LIAM,D,GONZALEZ,M,N,1,1,1,15,2019-04-20,00,,,,,1,1,A,N,1,2015-01-01,2015-01-01,,,,,2024-01-14,,,,878,,,AN,F,0343,110000000,1,R,,,,,,GS,,,,2024-01-14,0,0001,TR001,OCFOBUD,,TK559,8,2024
