SSN,CAN_CD,PSEUDO_SSN,EIN,EMP_REC_NO,LEGACY_APPT_NO,FIRST_NAME,MIDDLE_INIT,LAST_NAME,SEX,VET_PREF,TENURE_CD,POSITION_CD,CITIZENSHIP_STATUS,APPT_TYPE_CD,HIRE_DATE,HANDICAP_CODE,UNIF_ALLOW_CODE,UNIF_ALLOW_DATE,UNIF_ALLOW_AMT,RSSSDP,CEILING_CODE,FUNCTION_CODE,EMPLOYEE_STATUS,MANAGER_STATUS,POSITION_SENS_CODE,CAREER_START_DATE,CAREER_CONV_DATE,PROBATION_DATE,ABNORMAL_RATE_CODE,APPT_LIMIT_HRS,APPT_LIMIT_PAY,LAST_PAY_CHANGE,CHARITY_AREA_CODE,CHARITY_EFF_DATE,CHARITY_DED_AMT,LAST_NOA,FILLER_1,QUARTERS_DEDUCTION,SUBSIST_DEDUCTION,PAY_BASIS,WORK_SCHEDULE,OCCUPATION_CODE,FILLER_2,GEO_LOCATION,JOB_INDICATOR,REG_TEMP,SEPARATION_DATE,FILLER_3,PCA_CONTR_EFF_START_DATE,PCA_CONTR_EFF_END_DATE,MAX_ANNUAL_PAY,PCA_BIWEEKLY_AMOUNT,FILLER_4,PAY_PLAN_CD,APP_LIMIT_DATE,SPO_CD,TERM_ID,EFFECTIVE_DATE,EFFECTIVE_SEQ,FILLER_5,PAY_TABL_NO,BUSINESS_UNIT,DEPTID,PCA_CONTR_YEAR,FILLER_6
100000000,CAN0001,900000000,10000000,0,01,MARIA,A,ALVAREZ,F,N,1,1,1,15,20100101,00,,,,,1,1,A,N,1,20150101,20150101,,,,,20240114,,,,878,,,,AN,F,0343,,110000000,1,R,,,,,,,,GS,,,,20240114,0,,0001,TR001,OCFOACC,,
100000137,CAN0001,900000097,10000100,0,01,DAVID,B,CHEN,M,N,1,1,1,15,20110202,00,,,,,1,1,A,N,1,20150101,20150101,,,,,20240114,,,,878,,,,AN,F,0343,,110000000,1,R,,,,,,,,GS,,,,20240114,0,,0001,TR001,OCFOIT,,
100000274,CAN0001,900000194,10000200,0,01,ANITA,C,PATEL,F,N,1,1,1,15,20120303,00,,,,,1,1,A,N,1,20150101,20150101,,,,,20240114,,,,878,,,,AN,F,0343,,110000000,1,R,,,,,,,,GS,,,,20240114,0,,0001,TR001,OCFOHR,,
100000411,CAN0001,900000291,10000300,0,01,JAMES,D,WASHINGTON,M,N,1,1,1,15,20130404,00,,,,,1,1,A,N,1,20150101,20150101,,,,,20240114,,,,878,,,,AN,F,0343,,110000000,1,R,,,,,,,,GS,,,,20240114,0,,0001,TR001,OCFOPROC,,
100000548,CAN0001,900000388,10000400,0,01,LINH,E,NGUYEN,F,N,1,1,1,15,20140505,00,,,,,1,1,A,N,1,20150101,20150101,,,,,20240114,,,,878,,,,AN,F,0343,,110000000,1,R,,,,,,,,GS,,,,20240114,0,,0001,TR001,OCFOBUD,,
100000685,CAN0001,900000485,10000500,0,01,CHIDI,F,OKAFOR,M,N,1,1,1,15,20150606,00,,,,,1,1,A,N,1,20150101,20150101,,,,,20240114,,,,878,,,,AN,F,0343,,110000000,1,R,,,,,,,,GS,,,,20240114,0,,0001,TR001,OCFOACC,,
100000822,CAN0001,900000582,10000000,0,01,SOPHIA,G,GARCIA,F,N,1,1,1,15,20160707,00,,,,,1,1,A,N,1,20150101,20150101,,,,,20240114,,,,878,,,,AN,F,0343,,110000000,1,R,,,,,,,,GS,,,,20240114,0,,0001,TR001,OCFOIT,,
100000959,CAN0001,900000679,10000100,0,01,OMAR,H,HASSAN,M,N,1,1,1,15,20170808,00,,,,,1,1,A,N,1,20150101,20150101,,,,,20240114,,,,878,,,,AN,F,0343,,110000000,1,R,,,,,,,,GS,,,,20240114,0,,0001,TR001,OCFOHR,,
100001096,CAN0001,900000776,10000200,0,01,EMMA,I,SMITH,F,N,1,1,1,15,20180909,00,,,,,1,1,A,N,1,20150101,20150101,,,,,20240114,,,,878,,,,AN,F,0343,,110000000,1,R,,,,,,,,GS,,,,20240114,0,,0001,TR001,OCFOPROC,,
100001233,CAN0001,900000873,10000300,0,01,LIAM,J,JOHNSON,M,N,1,1,1,15,20191010,00,,,,,1,1,A,N,1,20150101,20150101,,,,,20240114,,,,878,,,,AN,F,0343,,110000000,1,R,,,,,,,,GS,,,,20240114,0,,0001,TR001,OCFOBUD,,
100001370,CAN0001,900000970,10000400,0,01,OLIVIA,K,WILLIAMS,F,N,1,1,1,15,20201111,00,,,,,1,1,A,N,1,20150101,20150101,,,,,20240114,,,,878,,,,AN,F,0343,,110000000,1,R,,,,,,,,GS,,,,20240114,0,,0001,TR001,OCFOACC,,
100001507,CAN0001,900001067,10000500,0,01,NOAH,L,BROWN,M,N,1,1,1,15,20211212,00,,,,,1,1,A,N,1,20150101,20150101,,,,,20240114,,,,878,,,,AN,F,0343,,110000000,1,R,,,,,,,,GS,,,,20240114,0,,0001,TR001,OCFOIT,,
100001644,CAN0001,900001164,10000000,0,01,AVA,M,JONES,F,N,1,1,1,15,20220113,00,,,,,1,1,A,N,1,20150101,20150101,,,,,20240114,,,,878,,,,AN,F,0343,,110000000,1,R,,,,,,,,GS,,,,20240114,0,,0001,TR001,OCFOHR,,
100001781,CAN0001,900001261,10000100,0,01,ETHAN,N,MILLER,M,N,1,1,1,15,20230214,00,,,,,1,1,A,N,1,20150101,20150101,,,,,20240114,,,,878,,,,AN,F,0343,,110000000,1,R,,,,,,,,GS,,,,20240114,0,,0001,TR001,OCFOPROC,,
100001918,CAN0001,900001358,10000200,0,01,ISABELLA,O,DAVIS,F,N,1,1,1,15,20240315,00,,,,,1,1,A,N,1,20150101,20150101,,,,,20240114,,,,878,,,,AN,F,0343,,110000000,1,R,,,,,,,,GS,,,,20240114,0,,0001,TR001,OCFOBUD,,
100002055,CAN0001,900001455,10000300,0,01,MASON,P,RODRIGUEZ,M,N,1,1,1,15,20100416,00,,,,,1,1,A,N,1,20150101,20150101,,,,,20240114,,,,878,,,,AN,F,0343,,110000000,1,R,,,,,,,,GS,,,,20240114,0,,0001,TR001,OCFOACC,,
100002192,CAN0001,900001552,10000400,0,01,MIA,Q,MARTINEZ,F,N,1,1,1,15,20110517,00,,,,,1,1,A,N,1,20150101,20150101,,,,,20240114,,,,878,,,,AN,F,0343,,110000000,1,R,,,,,,,,GS,,,,20240114,0,,0001,TR001,OCFOIT,,
100002329,CAN0001,900001649,10000500,0,01,LUCAS,R,HERNANDEZ,M,N,1,1,1,15,20120618,00,,,,,1,1,A,N,1,20150101,20150101,,,,,20240114,,,,878,,,,AN,F,0343,,110000000,1,R,,,,,,,,GS,,,,20240114,0,,0001,TR001,OCFOHR,,
100002466,CAN0001,900001746,10000000,0,01,AMELIA,S,LOPEZ,F,N,1,1,1,15,20130719,00,,,,,1,1,A,N,1,20150101,20150101,,,,,20240114,,,,878,,,,AN,F,0343,,110000000,1,R,,,,,,,,GS,,,,20240114,0,,0001,TR001,OCFOPROC,,
100002603,CAN0001,900001843,10000100,0,01,LOGAN,T,GONZALEZ,M,N,1,1,1,15,20140820,00,,,,,1,1,A,N,1,20150101,20150101,,,,,20240114,,,,878,,,,AN,F,0343,,110000000,1,R,,,,,,,,GS,,,,20240114,0,,0001,TR001,OCFOBUD,,
100002740,CAN0001,900001940,10000200,0,01,HARPER,U,ALVAREZ,F,N,1,1,1,15,20150921,00,,,,,1,1,A,N,1,20150101,20150101,,,,,20240114,,,,878,,,,AN,F,0343,,110000000,1,R,,,,,,,,GS,,,,20240114,0,,0001,TR001,OCFOACC,,
100002877,CAN0001,900002037,10000300,0,01,JACOB,V,CHEN,M,N,1,1,1,15,20161022,00,,,,,1,1,A,N,1,20150101,20150101,,,,,20240114,,,,878,,,,AN,F,0343,,110000000,1,R,,,,,,,,GS,,,,20240114,0,,0001,TR001,OCFOIT,,
100003014,CAN0001,900002134,10000400,0,01,EVELYN,W,PATEL,F,N,1,1,1,15,20171123,00,,,,,1,1,A,N,1,20150101,20150101,,,,,20240114,,,,878,,,,AN,F,0343,,110000000,1,R,,,,,,,,GS,,,,20240114,0,,0001,TR001,OCFOHR,,
100003151,CAN0001,900002231,10000500,0,01,MICHAEL,X,WASHINGTON,M,N,1,1,1,15,20181224,00,,,,,1,1,A,N,1,20150101,20150101,,,,,20240114,,,,878,,,,AN,F,0343,,110000000,1,R,,,,,,,,GS,,,,20240114,0,,0001,TR001,OCFOPROC,,
100003288,CAN0001,900002328,10000000,0,01,ABIGAIL,Y,NGUYEN,F,N,1,1,1,15,20190125,00,,,,,1,1,A,N,1,20150101,20150101,,,,,20240114,,,,878,,,,AN,F,0343,,110000000,1,R,,,,,,,,GS,,,,20240114,0,,0001,TR001,OCFOBUD,,
100003425,CAN0001,900002425,10000100,0,01,ALEXANDER,Z,OKAFOR,M,N,1,1,1,15,20200226,00,,,,,1,1,A,N,1,20150101,20150101,,,,,20240114,,,,878,,,,AN,F,0343,,110000000,1,R,,,,,,,,GS,,,,20240114,0,,0001,TR001,OCFOACC,,
100003562,CAN0001,900002522,10000200,0,01,EMILY,A,GARCIA,F,N,1,1,1,15,20210327,00,,,,,1,1,A,N,1,20150101,20150101,,,,,20240114,,,,878,,,,AN,F,0343,,110000000,1,R,,,,,,,,GS,,,,20240114,0,,0001,TR001,OCFOIT,,
100003699,CAN0001,900002619,10000300,0,01,DANIEL,B,HASSAN,M,N,1,1,1,15,20220428,00,,,,,1,1,A,N,1,20150101,20150101,,,,,20240114,,,,878,,,,AN,F,0343,,110000000,1,R,,,,,,,,GS,,,,20240114,0,,0001,TR001,OCFOHR,,
100003836,CAN0001,900002716,10000400,0,01,ELIZABETH,C,SMITH,F,N,1,1,1,15,20230501,00,,,,,1,1,A,N,1,20150101,20150101,,,,,20240114,,,,878,,,,AN,F,0343,,110000000,1,R,,,,,,,,GS,,,,20240114,0,,0001,TR001,OCFOPROC,,
100003973,CAN0001,900002813,10000500,0,01,MATTHEW,D,JOHNSON,M,N,1,1,1,15,20240602,00,,,,,1,1,A,N,1,20150101,20150101,,,,,20240114,,,,878,,,,AN,F,0343,,110000000,1,R,,,,,,,,GS,,,,20240114,0,,0001,TR001,OCFOBUD,,
100004110,CAN0001,900002910,10000000,0,01,MARIA,E,WILLIAMS,F,N,1,1,1,15,20100703,00,,,,,1,1,A,N,1,20150101,20150101,,,,,20240114,,,,878,,,,AN,F,0343,,110000000,1,R,,,,,,,,GS,,,,20240114,0,,0001,TR001,OCFOACC,,
100004247,CAN0001,900003007,10000100,0,01,DAVID,F,BROWN,M,N,1,1,1,15,20110804,00,,,,,1,1,A,N,1,20150101,20150101,,,,,20240114,,,,878,,,,AN,F,0343,,110000000,1,R,,,,,,,,GS,,,,20240114,0,,0001,TR001,OCFOIT,,
100004384,CAN0001,900003104,10000200,0,01,ANITA,G,JONES,F,N,1,1,1,15,20120905,00,,,,,1,1,A,N,1,20150101,20150101,,,,,20240114,,,,878,,,,AN,F,0343,,110000000,1,R,,,,,,,,GS,,,,20240114,0,,0001,TR001,OCFOHR,,
100004521,CAN0001,900003201,10000300,0,01,JAMES,H,MILLER,M,N,1,1,1,15,20131006,00,,,,,1,1,A,N,1,20150101,20150101,,,,,20240114,,,,878,,,,AN,F,0343,,110000000,1,R,,,,,,,,GS,,,,20240114,0,,0001,TR001,OCFOPROC,,
100004658,CAN0001,900003298,10000400,0,01,LINH,I,DAVIS,F,N,1,1,1,15,20141107,00,,,,,1,1,A,N,1,20150101,20150101,,,,,20240114,,,,878,,,,AN,F,0343,,110000000,1,R,,,,,,,,GS,,,,20240114,0,,0001,TR001,OCFOBUD,,
100004795,CAN0001,900003395,10000500,0,01,CHIDI,J,RODRIGUEZ,M,N,1,1,1,15,20151208,00,,,,,1,1,A,N,1,20150101,20150101,,,,,20240114,,,,878,,,,AN,F,0343,,110000000,1,R,,,,,,,,GS,,,,20240114,0,,0001,TR001,OCFOACC,,
100004932,CAN0001,900003492,10000000,0,01,SOPHIA,K,MARTINEZ,F,N,1,1,1,15,20160109,00,,,,,1,1,A,N,1,20150101,20150101,,,,,20240114,,,,878,,,,AN,F,0343,,110000000,1,R,,,,,,,,GS,,,,20240114,0,,0001,TR001,OCFOIT,,
100005069,CAN0001,900003589,10000100,0,01,OMAR,L,HERNANDEZ,M,N,1,1,1,15,20170210,00,,,,,1,1,A,N,1,20150101,20150101,,,,,20240114,,,,878,,,,AN,F,0343,,110000000,1,R,,,,,,,,GS,,,,20240114,0,,0001,TR001,OCFOHR,,
100005206,CAN0001,900003686,10000200,0,01,EMMA,M,LOPEZ,F,N,1,1,1,15,20180311,00,,,,,1,1,A,N,1,20150101,20150101,,,,,20240114,,,,878,,,,AN,F,0343,,110000000,1,R,,,,,,,,GS,,,,20240114,0,,0001,TR001,OCFOPROC,,
100005343,CAN0001,900003783,10000300,0,01,LIAM,N,GONZALEZ,M,N,1,1,1,15,20190412,00,,,,,1,1,A,N,1,20150101,20150101,,,,,20240114,,,,878,,,,AN,F,0343,,110000000,1,R,,,,,,,,GS,,,,20240114,0,,0001,TR001,OCFOBUD,,
100005480,CAN0001,900003880,10000400,0,01,OLIVIA,O,ALVAREZ,F,N,1,1,1,15,20200513,00,,,,,1,1,A,N,1,20150101,20150101,,,,,20240114,,,,878,,,,AN,F,0343,,110000000,1,R,,,,,,,,GS,,,,20240114,0,,0001,TR001,OCFOACC,,
100005617,CAN0001,900003977,10000500,0,01,NOAH,P,CHEN,M,N,1,1,1,15,20210614,00,,,,,1,1,A,N,1,20150101,20150101,,,,,20240114,,,,878,,,,AN,F,0343,,110000000,1,R,,,,,,,,GS,,,,20240114,0,,0001,TR001,OCFOIT,,
100005754,CAN0001,900004074,10000000,0,01,AVA,Q,PATEL,F,N,1,1,1,15,20220715,00,,,,,1,1,A,N,1,20150101,20150101,,,,,20240114,,,,878,,,,AN,F,0343,,110000000,1,R,,,,,,,,GS,,,,20240114,0,,0001,TR001,OCFOHR,,
100005891,CAN0001,900004171,10000100,0,01,ETHAN,R,WASHINGTON,M,N,1,1,1,15,20230816,00,,,,,1,1,A,N,1,20150101,20150101,,,,,20240114,,,,878,,,,AN,F,0343,,110000000,1,R,,,,,,,,GS,,,,20240114,0,,0001,TR001,OCFOPROC,,
100006028,CAN0001,900004268,10000200,0,01,ISABELLA,S,NGUYEN,F,N,1,1,1,15,20240917,00,,,,,1,1,A,N,1,20150101,20150101,,,,,20240114,,,,878,,,,AN,F,0343,,110000000,1,R,,,,,,,,GS,,,,20240114,0,,0001,TR001,OCFOBUD,,
100006165,CAN0001,900004365,10000300,0,01,MASON,T,OKAFOR,M,N,1,1,1,15,20101018,00,,,,,1,1,A,N,1,20150101,20150101,,,,,20240114,,,,878,,,,AN,F,0343,,110000000,1,R,,,,,,,,GS,,,,20240114,0,,0001,TR001,OCFOACC,,
100006302,CAN0001,900004462,10000400,0,01,MIA,U,GARCIA,F,N,1,1,1,15,20111119,00,,,,,1,1,A,N,1,20150101,20150101,,,,,20240114,,,,878,,,,AN,F,0343,,110000000,1,R,,,,,,,,GS,,,,20240114,0,,0001,TR001,OCFOIT,,
100006439,CAN0001,900004559,10000500,0,01,LUCAS,V,HASSAN,M,N,1,1,1,15,20121220,00,,,,,1,1,A,N,1,20150101,20150101,,,,,20240114,,,,878,,,,AN,F,0343,,110000000,1,R,,,,,,,,GS,,,,20240114,0,,0001,TR001,OCFOHR,,
100006576,CAN0001,900004656,10000000,0,01,AMELIA,W,SMITH,F,N,1,1,1,15,20130121,00,,,,,1,1,A,N,1,20150101,20150101,,,,,20240114,,,,878,,,,AN,F,0343,,110000000,1,R,,,,,,,,GS,,,,20240114,0,,0001,TR001,OCFOPROC,,
100006713,CAN0001,900004753,10000100,0,01,LOGAN,X,JOHNSON,M,N,1,1,1,15,20140222,00,,,,,1,1,A,N,1,20150101,20150101,,,,,20240114,,,,878,,,,AN,F,0343,,110000000,1,R,,,,,,,,GS,,,,20240114,0,,0001,TR001,OCFOBUD,,
100006850,CAN0001,900004850,10000200,0,01,HARPER,Y,WILLIAMS,F,N,1,1,1,15,20150323,00,,,,,1,1,A,N,1,20150101,20150101,,,,,20240114,,,,878,,,,AN,F,0343,,110000000,1,R,,,,,,,,GS,,,,20240114,0,,0001,TR001,OCFOACC,,
100006987,CAN0001,900004947,10000300,0,01,JACOB,Z,BROWN,M,N,1,1,1,15,20160424,00,,,,,1,1,A,N,1,20150101,20150101,,,,,20240114,,,,878,,,,AN,F,0343,,110000000,1,R,,,,,,,,GS,,,,20240114,0,,0001,TR001,OCFOIT,,
100007124,CAN0001,900005044,10000400,0,01,EVELYN,A,JONES,F,N,1,1,1,15,20170525,00,,,,,1,1,A,N,1,20150101,20150101,,,,,20240114,,,,878,,,,AN,F,0343,,110000000,1,R,,,,,,,,GS,,,,20240114,0,,0001,TR001,OCFOHR,,
100007261,CAN0001,900005141,10000500,0,01,MICHAEL,B,MILLER,M,N,1,1,1,15,20180626,00,,,,,1,1,A,N,1,20150101,20150101,,,,,20240114,,,,878,,,,AN,F,0343,,110000000,1,R,,,,,,,,GS,,,,20240114,0,,0001,TR001,OCFOPROC,,
100007398,CAN0001,900005238,10000000,0,01,ABIGAIL,C,DAVIS,F,N,1,1,1,15,20190727,00,,,,,1,1,A,N,1,20150101,20150101,,,,,20240114,,,,878,,,,AN,F,0343,,110000000,1,R,,,,,,,,GS,,,,20240114,0,,0001,TR001,OCFOBUD,,
100007535,CAN0001,900005335,10000100,0,01,ALEXANDER,D,RODRIGUEZ,M,N,1,1,1,15,20200828,00,,,,,1,1,A,N,1,20150101,20150101,,,,,20240114,,,,878,,,,AN,F,0343,,110000000,1,R,,,,,,,,GS,,,,20240114,0,,0001,TR001,OCFOACC,,
100007672,CAN0001,900005432,10000200,0,01,EMILY,E,MARTINEZ,F,N,1,1,1,15,20210901,00,,,,,1,1,A,N,1,20150101,20150101,,,,,20240114,,,,878,,,,AN,F,0343,,110000000,1,R,,,,,,,,GS,,,,20240114,0,,0001,TR001,OCFOIT,,
100007809,CAN0001,900005529,10000300,0,01,DANIEL,F,HERNANDEZ,M,N,1,1,1,15,20221002,00,,,,,1,1,A,N,1,20150101,20150101,,,,,20240114,,,,878,,,,AN,F,0343,,110000000,1,R,,,,,,,,GS,,,,20240114,0,,0001,TR001,OCFOHR,,
100007946,CAN0001,900005626,10000400,0,01,ELIZABETH,G,LOPEZ,F,N,1,1,1,15,20231103,00,,,,,1,1,A,N,1,20150101,20150101,,,,,20240114,,,,878,,,,AN,F,0343,,110000000,1,R,,,,,,,,GS,,,,20240114,0,,0001,TR001,OCFOPROC,,
100008083,CAN0001,900005723,10000500,0,01,MATTHEW,H,GONZALEZ,M,N,1,1,1,15,20241204,00,,,,,1,1,A,N,1,20150101,20150101,,,,,20240114,,,,878,,,,AN,F,0343,,110000000,1,R,,,,,,,,GS,,,,20240114,0,,0001,TR001,OCFOBUD,,
100008220,CAN0001,900005820,10000000,0,01,MARIA,I,ALVAREZ,F,N,1,1,1,15,20100105,00,,,,,1,1,A,N,1,20150101,20150101,,,,,20240114,,,,878,,,,AN,F,0343,,110000000,1,R,,,,,,,,GS,,,,20240114,0,,0001,TR001,OCFOACC,,
100008357,CAN0001,900005917,10000100,0,01,DAVID,J,CHEN,M,N,1,1,1,15,20110206,00,,,,,1,1,A,N,1,20150101,20150101,,,,,20240114,,,,878,,,,AN,F,0343,,110000000,1,R,,,,,,,,GS,,,,20240114,0,,0001,TR001,OCFOIT,,
100008494,CAN0001,900006014,10000200,0,01,ANITA,K,PATEL,F,N,1,1,1,15,20120307,00,,,,,1,1,A,N,1,20150101,20150101,,,,,20240114,,,,878,,,,AN,F,0343,,110000000,1,R,,,,,,,,GS,,,,20240114,0,,0001,TR001,OCFOHR,,
100008631,CAN0001,900006111,10000300,0,01,JAMES,L,WASHINGTON,M,N,1,1,1,15,20130408,00,,,,,1,1,A,N,1,20150101,20150101,,,,,20240114,,,,878,,,,AN,F,0343,,110000000,1,R,,,,,,,,GS,,,,20240114,0,,0001,TR001,OCFOPROC,,
100008768,CAN0001,900006208,10000400,0,01,LINH,M,NGUYEN,F,N,1,1,1,15,20140509,00,,,,,1,1,A,N,1,20150101,20150101,,,,,20240114,,,,878,,,,AN,F,0343,,110000000,1,R,,,,,,,,GS,,,,20240114,0,,0001,TR001,OCFOBUD,,
100008905,CAN0001,900006305,10000500,0,01,CHIDI,N,OKAFOR,M,N,1,1,1,15,20150610,00,,,,,1,1,A,N,1,20150101,20150101,,,,,20240114,,,,878,,,,AN,F,0343,,110000000,1,R,,,,,,,,GS,,,,20240114,0,,0001,TR001,OCFOACC,,
100009042,CAN0001,900006402,10000000,0,01,SOPHIA,O,GARCIA,F,N,1,1,1,15,20160711,00,,,,,1,1,A,N,1,20150101,20150101,,,,,20240114,,,,878,,,,AN,F,0343,,110000000,1,R,,,,,,,,GS,,,,20240114,0,,0001,TR001,OCFOIT,,
100009179,CAN0001,900006499,10000100,0,01,OMAR,P,HASSAN,M,N,1,1,1,15,20170812,00,,,,,1,1,A,N,1,20150101,20150101,,,,,20240114,,,,878,,,,AN,F,0343,,110000000,1,R,,,,,,,,GS,,,,20240114,0,,0001,TR001,OCFOHR,,
100009316,CAN0001,900006596,10000200,0,01,EMMA,Q,SMITH,F,N,1,1,1,15,20180913,00,,,,,1,1,A,N,1,20150101,20150101,,,,,20240114,,,,878,,,,AN,F,0343,,110000000,1,R,,,,,,,,GS,,,,20240114,0,,0001,TR001,OCFOPROC,,
100009453,CAN0001,900006693,10000300,0,01,LIAM,R,JOHNSON,M,N,1,1,1,15,20191014,00,,,,,1,1,A,N,1,20150101,20150101,,,,,20240114,,,,878,,,,AN,F,0343,,110000000,1,R,,,,,,,,GS,,,,20240114,0,,0001,TR001,OCFOBUD,,
100009590,CAN0001,900006790,10000400,0,01,OLIVIA,S,WILLIAMS,F,N,1,1,1,15,20201115,00,,,,,1,1,A,N,1,20150101,20150101,,,,,20240114,,,,878,,,,AN,F,0343,,110000000,1,R,,,,,,,,GS,,,,20240114,0,,0001,TR001,OCFOACC,,
100009727,CAN0001,900006887,10000500,0,01,NOAH,T,BROWN,M,N,1,1,1,15,20211216,00,,,,,1,1,A,N,1,20150101,20150101,,,,,20240114,,,,878,,,,AN,F,0343,,110000000,1,R,,,,,,,,GS,,,,20240114,0,,0001,TR001,OCFOIT,,
100009864,CAN0001,900006984,10000000,0,01,AVA,U,JONES,F,N,1,1,1,15,20220117,00,,,,,1,1,A,N,1,20150101,20150101,,,,,20240114,,,,878,,,,AN,F,0343,,110000000,1,R,,,,,,,,GS,,,,20240114,0,,0001,TR001,OCFOHR,,
100010001,CAN0001,900007081,10000100,0,01,ETHAN,V,MILLER,M,N,1,1,1,15,20230218,00,,,,,1,1,A,N,1,20150101,20150101,,,,,20240114,,,,878,,,,AN,F,0343,,110000000,1,R,,,,,,,,GS,,,,20240114,0,,0001,TR001,OCFOPROC,,
100010138,CAN0001,900007178,10000200,0,01,ISABELLA,W,DAVIS,F,N,1,1,1,15,20240319,00,,,,,1,1,A,N,1,20150101,20150101,,,,,20240114,,,,878,,,,AN,F,0343,,110000000,1,R,,,,,,,,GS,,,,20240114,0,,0001,TR001,OCFOBUD,,
100010275,CAN0001,900007275,10000300,0,01,MASON,X,RODRIGUEZ,M,N,1,1,1,15,20100420,00,,,,,1,1,A,N,1,20150101,20150101,,,,,20240114,,,,878,,,,AN,F,0343,,110000000,1,R,,,,,,,,GS,,,,20240114,0,,0001,TR001,OCFOACC,,
100010412,CAN0001,900007372,10000400,0,01,MIA,Y,MARTINEZ,F,N,1,1,1,15,20110521,00,,,,,1,1,A,N,1,20150101,20150101,,,,,20240114,,,,878,,,,AN,F,0343,,110000000,1,R,,,,,,,,GS,,,,20240114,0,,0001,TR001,OCFOIT,,
100010549,CAN0001,900007469,10000500,0,01,LUCAS,Z,HERNANDEZ,M,N,1,1,1,15,20120622,00,,,,,1,1,A,N,1,20150101,20150101,,,,,20240114,,,,878,,,,AN,F,0343,,110000000,1,R,,,,,,,,GS,,,,20240114,0,,0001,TR001,OCFOHR,,
100010686,CAN0001,900007566,10000000,0,01,AMELIA,A,LOPEZ,F,N,1,1,1,15,20130723,00,,,,,1,1,A,N,1,20150101,20150101,,,,,20240114,,,,878,,,,AN,F,0343,,110000000,1,R,,,,,,,,GS,,,,20240114,0,,0001,TR001,OCFOPROC,,
100010823,CAN0001,900007663,10000100,0,01,LOGAN,B,GONZALEZ,M,N,1,1,1,15,20140824,00,,,,,1,1,A,N,1,20150101,20150101,,,,,20240114,,,,878,,,,AN,F,0343,,110000000,1,R,,,,,,,,GS,,,,20240114,0,,0001,TR001,OCFOBUD,,
100010960,CAN0001,900007760,10000200,0,01,HARPER,C,ALVAREZ,F,N,1,1,1,15,20150925,00,,,,,1,1,A,N,1,20150101,20150101,,,,,20240114,,,,878,,,,AN,F,0343,,110000000,1,R,,,,,,,,GS,,,,20240114,0,,0001,TR001,OCFOACC,,
100011097,CAN0001,900007857,10000300,0,01,JACOB,D,CHEN,M,N,1,1,1,15,20161026,00,,,,,1,1,A,N,1,20150101,20150101,,,,,20240114,,,,878,,,,AN,F,0343,,110000000,1,R,,,,,,,,GS,,,,20240114,0,,0001,TR001,OCFOIT,,
100011234,CAN0001,900007954,10000400,0,01,EVELYN,E,PATEL,F,N,1,1,1,15,20171127,00,,,,,1,1,A,N,1,20150101,20150101,,,,,20240114,,,,878,,,,AN,F,0343,,110000000,1,R,,,,,,,,GS,,,,20240114,0,,0001,TR001,OCFOHR,,
100011371,CAN0001,900008051,10000500,0,01,MICHAEL,F,WASHINGTON,M,N,1,1,1,15,20181228,00,,,,,1,1,A,N,1,20150101,20150101,,,,,20240114,,,,878,,,,AN,F,0343,,110000000,1,R,,,,,,,,GS,,,,20240114,0,,0001,TR001,OCFOPROC,,
100011508,CAN0001,900008148,10000000,0,01,ABIGAIL,G,NGUYEN,F,N,1,1,1,15,20190101,00,,,,,1,1,A,N,1,20150101,20150101,,,,,20240114,,,,878,,,,AN,F,0343,,110000000,1,R,,,,,,,,GS,,,,20240114,0,,0001,TR001,OCFOBUD,,
100011645,CAN0001,900008245,10000100,0,01,ALEXANDER,H,OKAFOR,M,N,1,1,1,15,20200202,00,,,,,1,1,A,N,1,20150101,20150101,,,,,20240114,,,,878,,,,AN,F,0343,,110000000,1,R,,,,,,,,GS,,,,20240114,0,,0001,TR001,OCFOACC,,
100011782,CAN0001,900008342,10000200,0,01,EMILY,I,GARCIA,F,N,1,1,1,15,20210303,00,,,,,1,1,A,N,1,20150101,20150101,,,,,20240114,,,,878,,,,AN,F,0343,,110000000,1,R,,,,,,,,GS,,,,20240114,0,,0001,TR001,OCFOIT,,
100011919,CAN0001,900008439,10000300,0,01,DANIEL,J,HASSAN,M,N,1,1,1,15,20220404,00,,,,,1,1,A,N,1,20150101,20150101,,,,,20240114,,,,878,,,,AN,F,0343,,110000000,1,R,,,,,,,,GS,,,,20240114,0,,0001,TR001,OCFOHR,,
100012056,CAN0001,900008536,10000400,0,01,ELIZABETH,K,SMITH,F,N,1,1,1,15,20230505,00,,,,,1,1,A,N,1,20150101,20150101,,,,,20240114,,,,878,,,,AN,F,0343,,110000000,1,R,,,,,,,,GS,,,,20240114,0,,0001,TR001,OCFOPROC,,
100012193,CAN0001,900008633,10000500,0,01,MATTHEW,L,JOHNSON,M,N,1,1,1,15,20240606,00,,,,,1,1,A,N,1,20150101,20150101,,,,,20240114,,,,878,,,,AN,F,0343,,110000000,1,R,,,,,,,,GS,,,,20240114,0,,0001,TR001,OCFOBUD,,
100012330,CAN0001,900008730,10000000,0,01,MARIA,M,WILLIAMS,F,N,1,1,1,15,20100707,00,,,,,1,1,A,N,1,20150101,20150101,,,,,20240114,,,,878,,,,AN,F,0343,,110000000,1,R,,,,,,,,GS,,,,20240114,0,,0001,TR001,OCFOACC,,
100012467,CAN0001,900008827,10000100,0,01,DAVID,N,BROWN,M,N,1,1,1,15,20110808,00,,,,,1,1,A,N,1,20150101,20150101,,,,,20240114,,,,878,,,,AN,F,0343,,110000000,1,R,,,,,,,,GS,,,,20240114,0,,0001,TR001,OCFOIT,,
100012604,CAN0001,900008924,10000200,0,01,ANITA,O,JONES,F,N,1,1,1,15,20120909,00,,,,,1,1,A,N,1,20150101,20150101,,,,,20240114,,,,878,,,,AN,F,0343,,110000000,1,R,,,,,,,,GS,,,,20240114,0,,0001,TR001,OCFOHR,,
100012741,CAN0001,900009021,10000300,0,01,JAMES,P,MILLER,M,N,1,1,1,15,20131010,00,,,,,1,1,A,N,1,20150101,20150101,,,,,20240114,,,,878,,,,AN,F,0343,,110000000,1,R,,,,,,,,GS,,,,20240114,0,,0001,TR001,OCFOPROC,,
100012878,CAN0001,900009118,10000400,0,01,LINH,Q,DAVIS,F,N,1,1,1,15,20141111,00,,,,,1,1,A,N,1,20150101,20150101,,,,,20240114,,,,878,,,,AN,F,0343,,110000000,1,R,,,,,,,,GS,,,,20240114,0,,0001,TR001,OCFOBUD,,
100013015,CAN0001,900009215,10000500,0,01,CHIDI,R,RODRIGUEZ,M,N,1,1,1,15,20151212,00,,,,,1,1,A,N,1,20150101,20150101,,,,,20240114,,,,878,,,,AN,F,0343,,110000000,1,R,,,,,,,,GS,,,,20240114,0,,0001,TR001,OCFOACC,,
100013152,CAN0001,900009312,10000000,0,01,SOPHIA,S,MARTINEZ,F,N,1,1,1,15,20160113,00,,,,,1,1,A,N,1,20150101,20150101,,,,,20240114,,,,878,,,,AN,F,0343,,110000000,1,R,,,,,,,,GS,,,,20240114,0,,0001,TR001,OCFOIT,,
100013289,CAN0001,900009409,10000100,0,01,OMAR,T,HERNANDEZ,M,N,1,1,1,15,20170214,00,,,,,1,1,A,N,1,20150101,20150101,,,,,20240114,,,,878,,,,AN,F,0343,,110000000,1,R,,,,,,,,GS,,,,20240114,0,,0001,TR001,OCFOHR,,
100013426,CAN0001,900009506,10000200,0,01,EMMA,U,LOPEZ,F,N,1,1,1,15,20180315,00,,,,,1,1,A,N,1,20150101,20150101,,,,,20240114,,,,878,,,,AN,F,0343,,110000000,1,R,,,,,,,,GS,,,,20240114,0,,0001,TR001,OCFOPROC,,
100013563,CAN0001,900009603,10000300,0,01,LIAM,V,GONZALEZ,M,N,1,1,1,15,20190416,00,,,,,1,1,A,N,1,20150101,20150101,,,,,20240114,,,,878,,,,AN,F,0343,,110000000,1,R,,,,,,,,GS,,,,20240114,0,,0001,TR001,OCFOBUD,,
100013700,CAN0001,900009700,10000400,0,01,OLIVIA,W,ALVAREZ,F,N,1,1,1,15,20200517,00,,,,,1,1,A,N,1,20150101,20150101,,,,,20240114,,,,878,,,,AN,F,0343,,110000000,1,R,,,,,,,,GS,,,,20240114,0,,0001,TR001,OCFOACC,,
100013837,CAN0001,900009797,10000500,0,01,NOAH,X,CHEN,M,N,1,1,1,15,20210618,00,,,,,1,1,A,N,1,20150101,20150101,,,,,20240114,,,,878,,,,AN,F,0343,,110000000,1,R,,,,,,,,GS,,,,20240114,0,,0001,TR001,OCFOIT,,
100013974,CAN0001,900009894,10000000,0,01,AVA,Y,PATEL,F,N,1,1,1,15,20220719,00,,,,,1,1,A,N,1,20150101,20150101,,,,,20240114,,,,878,,,,AN,F,0343,,110000000,1,R,,,,,,,,GS,,,,20240114,0,,0001,TR001,OCFOHR,,
100014111,CAN0001,900009991,10000100,0,01,ETHAN,Z,WASHINGTON,M,N,1,1,1,15,20230820,00,,,,,1,1,A,N,1,20150101,20150101,,,,,20240114,,,,878,,,,AN,F,0343,,110000000,1,R,,,,,,,,GS,,,,20240114,0,,0001,TR001,OCFOPROC,,
100014248,CAN0001,900010088,10000200,0,01,ISABELLA,A,NGUYEN,F,N,1,1,1,15,20240921,00,,,,,1,1,A,N,1,20150101,20150101,,,,,20240114,,,,878,,,,AN,F,0343,,110000000,1,R,,,,,,,,GS,,,,20240114,0,,0001,TR001,OCFOBUD,,
100014385,CAN0001,900010185,10000300,0,01,MASON,B,OKAFOR,M,N,1,1,1,15,20101022,00,,,,,1,1,A,N,1,20150101,20150101,,,,,20240114,,,,878,,,,AN,F,0343,,110000000,1,R,,,,,,,,GS,,,,20240114,0,,0001,TR001,OCFOACC,,
100014522,CAN0001,900010282,10000400,0,01,MIA,C,GARCIA,F,N,1,1,1,15,20111123,00,,,,,1,1,A,N,1,20150101,20150101,,,,,20240114,,,,878,,,,AN,F,0343,,110000000,1,R,,,,,,,,GS,,,,20240114,0,,0001,TR001,OCFOIT,,
100014659,CAN0001,900010379,10000500,0,01,LUCAS,D,HASSAN,M,N,1,1,1,15,20121224,00,,,,,1,1,A,N,1,20150101,20150101,,,,,20240114,,,,878,,,,AN,F,0343,,110000000,1,R,,,,,,,,GS,,,,20240114,0,,0001,TR001,OCFOHR,,
100014796,CAN0001,900010476,10000000,0,01,AMELIA,E,SMITH,F,N,1,1,1,15,20130125,00,,,,,1,1,A,N,1,20150101,20150101,,,,,20240114,,,,878,,,,AN,F,0343,,110000000,1,R,,,,,,,,GS,,,,20240114,0,,0001,TR001,OCFOPROC,,
100014933,CAN0001,900010573,10000100,0,01,LOGAN,F,JOHNSON,M,N,1,1,1,15,20140226,00,,,,,1,1,A,N,1,20150101,20150101,,,,,20240114,,,,878,,,,AN,F,0343,,110000000,1,R,,,,,,,,GS,,,,20240114,0,,0001,TR001,OCFOBUD,,
100015070,CAN0001,900010670,10000200,0,01,HARPER,G,WILLIAMS,F,N,1,1,1,15,20150327,00,,,,,1,1,A,N,1,20150101,20150101,,,,,20240114,,,,878,,,,AN,F,0343,,110000000,1,R,,,,,,,,GS,,,,20240114,0,,0001,TR001,OCFOACC,,
100015207,CAN0001,900010767,10000300,0,01,JACOB,H,BROWN,M,N,1,1,1,15,20160428,00,,,,,1,1,A,N,1,20150101,20150101,,,,,20240114,,,,878,,,,AN,F,0343,,110000000,1,R,,,,,,,,GS,,,,20240114,0,,0001,TR001,OCFOIT,,
100015344,CAN0001,900010864,10000400,0,01,EVELYN,I,JONES,F,N,1,1,1,15,20170501,00,,,,,1,1,A,N,1,20150101,20150101,,,,,20240114,,,,878,,,,AN,F,0343,,110000000,1,R,,,,,,,,GS,,,,20240114,0,,0001,TR001,OCFOHR,,
100015481,CAN0001,900010961,10000500,0,01,MICHAEL,J,MILLER,M,N,1,1,1,15,20180602,00,,,,,1,1,A,N,1,20150101,20150101,,,,,20240114,,,,878,,,,AN,F,0343,,110000000,1,R,,,,,,,,GS,,,,20240114,0,,0001,TR001,OCFOPROC,,
100015618,CAN0001,900011058,10000000,0,01,ABIGAIL,K,DAVIS,F,N,1,1,1,15,20190703,00,,,,,1,1,A,N,1,20150101,20150101,,,,,20240114,,,,878,,,,AN,F,0343,,110000000,1,R,,,,,,,,GS,,,,20240114,0,,0001,TR001,OCFOBUD,,
100015755,CAN0001,900011155,10000100,0,01,ALEXANDER,L,RODRIGUEZ,M,N,1,1,1,15,20200804,00,,,,,1,1,A,N,1,20150101,20150101,,,,,20240114,,,,878,,,,AN,F,0343,,110000000,1,R,,,,,,,,GS,,,,20240114,0,,0001,TR001,OCFOACC,,
100015892,CAN0001,900011252,10000200,0,01,EMILY,M,MARTINEZ,F,N,1,1,1,15,20210905,00,,,,,1,1,A,N,1,20150101,20150101,,,,,20240114,,,,878,,,,AN,F,0343,,110000000,1,R,,,,,,,,GS,,,,20240114,0,,0001,TR001,OCFOIT,,
100016029,CAN0001,900011349,10000300,0,01,DANIEL,N,HERNANDEZ,M,N,1,1,1,15,20221006,00,,,,,1,1,A,N,1,20150101,20150101,,,,,20240114,,,,878,,,,AN,F,0343,,110000000,1,R,,,,,,,,GS,,,,20240114,0,,0001,TR001,OCFOHR,,
100016166,CAN0001,900011446,10000400,0,01,ELIZABETH,O,LOPEZ,F,N,1,1,1,15,20231107,00,,,,,1,1,A,N,1,20150101,20150101,,,,,20240114,,,,878,,,,AN,F,0343,,110000000,1,R,,,,,,,,GS,,,,20240114,0,,0001,TR001,OCFOPROC,,
100016303,CAN0001,900011543,10000500,0,01,MATTHEW,P,GONZALEZ,M,N,1,1,1,15,20241208,00,,,,,1,1,A,N,1,20150101,20150101,,,,,20240114,,,,878,,,,AN,F,0343,,110000000,1,R,,,,,,,,GS,,,,20240114,0,,0001,TR001,OCFOBUD,,
100016440,CAN0001,900011640,10000000,0,01,MARIA,Q,ALVAREZ,F,N,1,1,1,15,20100109,00,,,,,1,1,A,N,1,20150101,20150101,,,,,20240114,,,,878,,,,AN,F,0343,,110000000,1,R,,,,,,,,GS,,,,20240114,0,,0001,TR001,OCFOACC,,
100016577,CAN0001,900011737,10000100,0,01,DAVID,R,CHEN,M,N,1,1,1,15,20110210,00,,,,,1,1,A,N,1,20150101,20150101,,,,,20240114,,,,878,,,,AN,F,0343,,110000000,1,R,,,,,,,,GS,,,,20240114,0,,0001,TR001,OCFOIT,,
100016714,CAN0001,900011834,10000200,0,01,ANITA,S,PATEL,F,N,1,1,1,15,20120311,00,,,,,1,1,A,N,1,20150101,20150101,,,,,20240114,,,,878,,,,AN,F,0343,,110000000,1,R,,,,,,,,GS,,,,20240114,0,,0001,TR001,OCFOHR,,
100016851,CAN0001,900011931,10000300,0,01,JAMES,T,WASHINGTON,M,N,1,1,1,15,20130412,00,,,,,1,1,A,N,1,20150101,20150101,,,,,20240114,,,,878,,,,AN,F,0343,,110000000,1,R,,,,,,,,GS,,,,20240114,0,,0001,TR001,OCFOPROC,,
100016988,CAN0001,900012028,10000400,0,01,LINH,U,NGUYEN,F,N,1,1,1,15,20140513,00,,,,,1,1,A,N,1,20150101,20150101,,,,,20240114,,,,878,,,,AN,F,0343,,110000000,1,R,,,,,,,,GS,,,,20240114,0,,0001,TR001,OCFOBUD,,
100017125,CAN0001,900012125,10000500,0,01,CHIDI,V,OKAFOR,M,N,1,1,1,15,20150614,00,,,,,1,1,A,N,1,20150101,20150101,,,,,20240114,,,,878,,,,AN,F,0343,,110000000,1,R,,,,,,,,GS,,,,20240114,0,,0001,TR001,OCFOACC,,
100017262,CAN0001,900012222,10000000,0,01,SOPHIA,W,GARCIA,F,N,1,1,1,15,20160715,00,,,,,1,1,A,N,1,20150101,20150101,,,,,20240114,,,,878,,,,AN,F,0343,,110000000,1,R,,,,,,,,GS,,,,20240114,0,,0001,TR001,OCFOIT,,
100017399,CAN0001,900012319,10000100,0,01,OMAR,X,HASSAN,M,N,1,1,1,15,20170816,00,,,,,1,1,A,N,1,20150101,20150101,,,,,20240114,,,,878,,,,AN,F,0343,,110000000,1,R,,,,,,,,GS,,,,20240114,0,,0001,TR001,OCFOHR,,
100017536,CAN0001,900012416,10000200,0,01,EMMA,Y,SMITH,F,N,1,1,1,15,20180917,00,,,,,1,1,A,N,1,20150101,20150101,,,,,20240114,,,,878,,,,AN,F,0343,,110000000,1,R,,,,,,,,GS,,,,20240114,0,,0001,TR001,OCFOPROC,,
100017673,CAN0001,900012513,10000300,0,01,LIAM,Z,JOHNSON,M,N,1,1,1,15,20191018,00,,,,,1,1,A,N,1,20150101,20150101,,,,,20240114,,,,878,,,,AN,F,0343,,110000000,1,R,,,,,,,,GS,,,,20240114,0,,0001,TR001,OCFOBUD,,
100017810,CAN0001,900012610,10000400,0,01,OLIVIA,A,WILLIAMS,F,N,1,1,1,15,20201119,00,,,,,1,1,A,N,1,20150101,20150101,,,,,20240114,,,,878,,,,AN,F,0343,,110000000,1,R,,,,,,,,GS,,,,20240114,0,,0001,TR001,OCFOACC,,
100017947,CAN0001,900012707,10000500,0,01,NOAH,B,BROWN,M,N,1,1,1,15,20211220,00,,,,,1,1,A,N,1,20150101,20150101,,,,,20240114,,,,878,,,,AN,F,0343,,110000000,1,R,,,,,,,,GS,,,,20240114,0,,0001,TR001,OCFOIT,,
100018084,CAN0001,900012804,10000000,0,01,AVA,C,JONES,F,N,1,1,1,15,20220121,00,,,,,1,1,A,N,1,20150101,20150101,,,,,20240114,,,,878,,,,AN,F,0343,,110000000,1,R,,,,,,,,GS,,,,20240114,0,,0001,TR001,OCFOHR,,
100018221,CAN0001,900012901,10000100,0,01,ETHAN,D,MILLER,M,N,1,1,1,15,20230222,00,,,,,1,1,A,N,1,20150101,20150101,,,,,20240114,,,,878,,,,AN,F,0343,,110000000,1,R,,,,,,,,GS,,,,20240114,0,,0001,TR001,OCFOPROC,,
100018358,CAN0001,900012998,10000200,0,01,ISABELLA,E,DAVIS,F,N,1,1,1,15,20240323,00,,,,,1,1,A,N,1,20150101,20150101,,,,,20240114,,,,878,,,,AN,F,0343,,110000000,1,R,,,,,,,,GS,,,,20240114,0,,0001,TR001,OCFOBUD,,
100018495,CAN0001,900013095,10000300,0,01,MASON,F,RODRIGUEZ,M,N,1,1,1,15,20100424,00,,,,,1,1,A,N,1,20150101,20150101,,,,,20240114,,,,878,,,,AN,F,0343,,110000000,1,R,,,,,,,,GS,,,,20240114,0,,0001,TR001,OCFOACC,,
100018632,CAN0001,900013192,10000400,0,01,MIA,G,MARTINEZ,F,N,1,1,1,15,20110525,00,,,,,1,1,A,N,1,20150101,20150101,,,,,20240114,,,,878,,,,AN,F,0343,,110000000,1,R,,,,,,,,GS,,,,20240114,0,,0001,TR001,OCFOIT,,
100018769,CAN0001,900013289,10000500,0,01,LUCAS,H,HERNANDEZ,M,N,1,1,1,15,20120626,00,,,,,1,1,A,N,1,20150101,20150101,,,,,20240114,,,,878,,,,AN,F,0343,,110000000,1,R,,,,,,,,GS,,,,20240114,0,,0001,TR001,OCFOHR,,
100018906,CAN0001,900013386,10000000,0,01,AMELIA,I,LOPEZ,F,N,1,1,1,15,20130727,00,,,,,1,1,A,N,1,20150101,20150101,,,,,20240114,,,,878,,,,AN,F,0343,,110000000,1,R,,,,,,,,GS,,,,20240114,0,,0001,TR001,OCFOPROC,,
100019043,CAN0001,900013483,10000100,0,01,LOGAN,J,GONZALEZ,M,N,1,1,1,15,20140828,00,,,,,1,1,A,N,1,20150101,20150101,,,,,20240114,,,,878,,,,AN,F,0343,,110000000,1,R,,,,,,,,GS,,,,20240114,0,,0001,TR001,OCFOBUD,,
100019180,CAN0001,900013580,10000200,0,01,HARPER,K,ALVAREZ,F,N,1,1,1,15,20150901,00,,,,,1,1,A,N,1,20150101,20150101,,,,,20240114,,,,878,,,,AN,F,0343,,110000000,1,R,,,,,,,,GS,,,,20240114,0,,0001,TR001,OCFOACC,,
100019317,CAN0001,900013677,10000300,0,01,JACOB,L,CHEN,M,N,1,1,1,15,20161002,00,,,,,1,1,A,N,1,20150101,20150101,,,,,20240114,,,,878,,,,AN,F,0343,,110000000,1,R,,,,,,,,GS,,,,20240114,0,,0001,TR001,OCFOIT,,
100019454,CAN0001,900013774,10000400,0,01,EVELYN,M,PATEL,F,N,1,1,1,15,20171103,00,,,,,1,1,A,N,1,20150101,20150101,,,,,20240114,,,,878,,,,AN,F,0343,,110000000,1,R,,,,,,,,GS,,,,20240114,0,,0001,TR001,OCFOHR,,
100019591,CAN0001,900013871,10000500,0,01,MICHAEL,N,WASHINGTON,M,N,1,1,1,15,20181204,00,,,,,1,1,A,N,1,20150101,20150101,,,,,20240114,,,,878,,,,AN,F,0343,,110000000,1,R,,,,,,,,GS,,,,20240114,0,,0001,TR001,OCFOPROC,,
100019728,CAN0001,900013968,10000000,0,01,ABIGAIL,O,NGUYEN,F,N,1,1,1,15,20190105,00,,,,,1,1,A,N,1,20150101,20150101,,,,,20240114,,,,878,,,,AN,F,0343,,110000000,1,R,,,,,,,,GS,,,,20240114,0,,0001,TR001,OCFOBUD,,
100019865,CAN0001,900014065,10000100,0,01,ALEXANDER,P,OKAFOR,M,N,1,1,1,15,20200206,00,,,,,1,1,A,N,1,20150101,20150101,,,,,20240114,,,,878,,,,AN,F,0343,,110000000,1,R,,,,,,,,GS,,,,20240114,0,,0001,TR001,OCFOACC,,
100020002,CAN0001,900014162,10000200,0,01,EMILY,Q,GARCIA,F,N,1,1,1,15,20210307,00,,,,,1,1,A,N,1,20150101,20150101,,,,,20240114,,,,878,,,,AN,F,0343,,110000000,1,R,,,,,,,,GS,,,,20240114,0,,0001,TR001,OCFOIT,,
100020139,CAN0001,900014259,10000300,0,01,DANIEL,R,HASSAN,M,N,1,1,1,15,20220408,00,,,,,1,1,A,N,1,20150101,20150101,,,,,20240114,,,,878,,,,AN,F,0343,,110000000,1,R,,,,,,,,GS,,,,20240114,0,,0001,TR001,OCFOHR,,
100020276,CAN0001,900014356,10000400,0,01,ELIZABETH,S,SMITH,F,N,1,1,1,15,20230509,00,,,,,1,1,A,N,1,20150101,20150101,,,,,20240114,,,,878,,,,AN,F,0343,,110000000,1,R,,,,,,,,GS,,,,20240114,0,,0001,TR001,OCFOPROC,,
100020413,CAN0001,900014453,10000500,0,01,MATTHEW,T,JOHNSON,M,N,1,1,1,15,20240610,00,,,,,1,1,A,N,1,20150101,20150101,,,,,20240114,,,,878,,,,AN,F,0343,,110000000,1,R,,,,,,,,GS,,,,20240114,0,,0001,TR001,OCFOBUD,,
100020550,CAN0001,900014550,10000000,0,01,MARIA,U,WILLIAMS,F,N,1,1,1,15,20100711,00,,,,,1,1,A,N,1,20150101,20150101,,,,,20240114,,,,878,,,,AN,F,0343,,110000000,1,R,,,,,,,,GS,,,,20240114,0,,0001,TR001,OCFOACC,,
100020687,CAN0001,900014647,10000100,0,01,DAVID,V,BROWN,M,N,1,1,1,15,20110812,00,,,,,1,1,A,N,1,20150101,20150101,,,,,20240114,,,,878,,,,AN,F,0343,,110000000,1,R,,,,,,,,GS,,,,20240114,0,,0001,TR001,OCFOIT,,
100020824,CAN0001,900014744,10000200,0,01,ANITA,W,JONES,F,N,1,1,1,15,20120913,00,,,,,1,1,A,N,1,20150101,20150101,,,,,20240114,,,,878,,,,AN,F,0343,,110000000,1,R,,,,,,,,GS,,,,20240114,0,,0001,TR001,OCFOHR,,
100020961,CAN0001,900014841,10000300,0,01,JAMES,X,MILLER,M,N,1,1,1,15,20131014,00,,,,,1,1,A,N,1,20150101,20150101,,,,,20240114,,,,878,,,,AN,F,0343,,110000000,1,R,,,,,,,,GS,,,,20240114,0,,0001,TR001,OCFOPROC,,
100021098,CAN0001,900014938,10000400,0,01,LINH,Y,DAVIS,F,N,1,1,1,15,20141115,00,,,,,1,1,A,N,1,20150101,20150101,,,,,20240114,,,,878,,,,AN,F,0343,,110000000,1,R,,,,,,,,GS,,,,20240114,0,,0001,TR001,OCFOBUD,,
100021235,CAN0001,900015035,10000500,0,01,CHIDI,Z,RODRIGUEZ,M,N,1,1,1,15,20151216,00,,,,,1,1,A,N,1,20150101,20150101,,,,,20240114,,,,878,,,,AN,F,0343,,110000000,1,R,,,,,,,,GS,,,,20240114,0,,0001,TR001,OCFOACC,,
100021372,CAN0001,900015132,10000000,0,01,SOPHIA,A,MARTINEZ,F,N,1,1,1,15,20160117,00,,,,,1,1,A,N,1,20150101,20150101,,,,,20240114,,,,878,,,,AN,F,0343,,110000000,1,R,,,,,,,,GS,,,,20240114,0,,0001,TR001,OCFOIT,,
100021509,CAN0001,900015229,10000100,0,01,OMAR,B,HERNANDEZ,M,N,1,1,1,15,20170218,00,,,,,1,1,A,N,1,20150101,20150101,,,,,20240114,,,,878,,,,AN,F,0343,,110000000,1,R,,,,,,,,GS,,,,20240114,0,,0001,TR001,OCFOHR,,
100021646,CAN0001,900015326,10000200,0,01,EMMA,C,LOPEZ,F,N,1,1,1,15,20180319,00,,,,,1,1,A,N,1,20150101,20150101,,,,,20240114,,,,878,,,,AN,F,0343,,110000000,1,R,,,,,,,,GS,,,,20240114,0,,0001,TR001,OCFOPROC,,
100021783,CAN0001,900015423,10000300,0,01,LIAM,D,GONZALEZ,M,N,1,1,1,15,20190420,00,,,,,1,1,A,N,1,20150101,20150101,,,,,20240114,,,,878,,,,AN,F,0343,,110000000,1,R,,,,,,,,GS,,,,20240114,0,,0001,TR001,OCFOBUD,,
