SSN,CAN_CD,PSEUDO_SSN,EIN,EMP_REC_NO,LEGACY_APPT_NO,FIRST_NAME,MIDDLE_INIT,LAST_NAME,SEX,VET_PREF,TENURE_CD,POSITION_CD,CITIZENSHIP_STATUS,APPT_TYPE_CD,HIRE_DATE,HANDICAP_CODE,UNIF_ALLOW_CODE,UNIF_ALLOW_DATE,UNIF_ALLOW_AMT,RSSSDP,CEILING_CODE,FUNCTION_CODE,EMPLOYEE_STATUS,MANAGER_STATUS,POSITION_SENS_CODE,CAREER_START_DATE,CAREER_CONV_DATE,PROBATION_DATE,ABNORMAL_RATE_CODE,APPT_LIMIT_HRS,APPT_LIMIT_PAY,LAST_PAY_CHANGE,CHARITY_AREA_CODE,CHARITY_EFF_DATE,CHARITY_DED_AMT,LAST_NOA,FILLER_1,QUARTERS_DEDUCTION,SUBSIST_DEDUCTION,PAY_BASIS,WORK_SCHEDULE,OCCUPATION_CODE,FILLER_2,GEO_LOCATION,JOB_INDICATOR,REG_TEMP,SEPARATION_DATE,FILLER_3,PCA_CONTR_EFF_START_DATE,PCA_CONTR_EFF_END_DATE,MAX_ANNUAL_PAY,PCA_BIWEEKLY_AMOUNT,FILLER_4,PAY_PLAN_CD,APP_LIMIT_DATE,SPO_CD,TERM_ID,EFFECTIVE_DATE,EFFECTIVE_SEQ,FILLER_5,PAY_TABL_NO,BUSINESS_UNIT,DEPTID,PCA_CONTR_YEAR,FILLER_6,TK_NUM
100013700,CAN0001,900009700,10000400,0,01,OLIVIA,W,ALVAREZ,F,N,1,1,1,15,20200517,00,,,,,1,1,A,N,1,20150101,20150101,,,,,20240114,,,,878,,,,AN,F,0343,,110000000,1,R,,,,,,,,GS,,,,20240114,0,,0001,TR001,OCFOACC,,,TK500
100013837,CAN0001,900009797,10000500,0,01,NOAH,X,CHEN,M,N,1,1,1,15,20210618,00,,,,,1,1,A,N,1,20150101,20150101,,,,,20240114,,,,878,,,,AN,F,0343,,110000000,1,R,,,,,,,,GS,,,,20240114,0,,0001,TR001,OCFOIT,,,TK501
100013974,CAN0001,900009894,10000000,0,01,AVA,Y,PATEL,F,N,1,1,1,15,20220719,00,,,,,1,1,A,N,1,20150101,20150101,,,,,20240114,,,,878,,,,AN,F,0343,,110000000,1,R,,,,,,,,GS,,,,20240114,0,,0001,TR001,OCFOHR,,,TK502
100014111,CAN0001,900009991,10000100,0,01,ETHAN,Z,WASHINGTON,M,N,1,1,1,15,20230820,00,,,,,1,1,A,N,1,20150101,20150101,,,,,20240114,,,,878,,,,AN,F,0343,,110000000,1,R,,,,,,,,GS,,,,20240114,0,,0001,TR001,OCFOPROC,,,TK503
100014248,CAN0001,900010088,10000200,0,01,ISABELLA,A,NGUYEN,F,N,1,1,1,15,20240921,00,,,,,1,1,A,N,1,20150101,20150101,,,,,20240114,,,,878,,,,AN,F,0343,,110000000,1,R,,,,,,,,GS,,,,20240114,0,,0001,TR001,OCFOBUD,,,TK504
100014385,CAN0001,900010185,10000300,0,01,MASON,B,OKAFOR,M,N,1,1,1,15,20101022,00,,,,,1,1,A,N,1,20150101,20150101,,,,,20240114,,,,878,,,,AN,F,0343,,110000000,1,R,,,,,,,,GS,,,,20240114,0,,0001,TR001,OCFOACC,,,TK505
100014522,CAN0001,900010282,10000400,0,01,MIA,C,GARCIA,F,N,1,1,1,15,20111123,00,,,,,1,1,A,N,1,20150101,20150101,,,,,20240114,,,,878,,,,AN,F,0343,,110000000,1,R,,,,,,,,GS,,,,20240114,0,,0001,TR001,OCFOIT,,,TK506
100014659,CAN0001,900010379,10000500,0,01,LUCAS,D,HASSAN,M,N,1,1,1,15,20121224,00,,,,,1,1,A,N,1,20150101,20150101,,,,,20240114,,,,878,,,,AN,F,0343,,110000000,1,R,,,,,,,,GS,,,,20240114,0,,0001,TR001,OCFOHR,,,TK507
100014796,CAN0001,900010476,10000000,0,01,AMELIA,E,SMITH,F,N,1,1,1,15,20130125,00,,,,,1,1,A,N,1,20150101,20150101,,,,,20240114,,,,878,,,,AN,F,0343,,110000000,1,R,,,,,,,,GS,,,,20240114,0,,0001,TR001,OCFOPROC,,,TK508
100014933,CAN0001,900010573,10000100,0,01,LOGAN,F,JOHNSON,M,N,1,1,1,15,20140226,00,,,,,1,1,A,N,1,20150101,20150101,,,,,20240114,,,,878,,,,AN,F,0343,,110000000,1,R,,,,,,,,GS,,,,20240114,0,,0001,TR001,OCFOBUD,,,TK509
100015070,CAN0001,900010670,10000200,0,01,HARPER,G,WILLIAMS,F,N,1,1,1,15,20150327,00,,,,,1,1,A,N,1,20150101,20150101,,,,,20240114,,,,878,,,,AN,F,0343,,110000000,1,R,,,,,,,,GS,,,,20240114,0,,0001,TR001,OCFOACC,,,TK510
100015207,CAN0001,900010767,10000300,0,01,JACOB,H,BROWN,M,N,1,1,1,15,20160428,00,,,,,1,1,A,N,1,20150101,20150101,,,,,20240114,,,,878,,,,AN,F,0343,,110000000,1,R,,,,,,,,GS,,,,20240114,0,,0001,TR001,OCFOIT,,,TK511
100015344,CAN0001,900010864,10000400,0,01,EVELYN,I,JONES,F,N,1,1,1,15,20170501,00,,,,,1,1,A,N,1,20150101,20150101,,,,,20240114,,,,878,,,,AN,F,0343,,110000000,1,R,,,,,,,,GS,,,,20240114,0,,0001,TR001,OCFOHR,,,TK512
100015481,CAN0001,900010961,10000500,0,01,MICHAEL,J,MILLER,M,N,1,1,1,15,20180602,00,,,,,1,1,A,N,1,20150101,20150101,,,,,20240114,,,,878,,,,AN,F,0343,,110000000,1,R,,,,,,,,GS,,,,20240114,0,,0001,TR001,OCFOPROC,,,TK513
100015618,CAN0001,900011058,10000000,0,01,ABIGAIL,K,DAVIS,F,N,1,1,1,15,20190703,00,,,,,1,1,A,N,1,20150101,20150101,,,,,20240114,,,,878,,,,AN,F,0343,,110000000,1,R,,,,,,,,GS,,,,20240114,0,,0001,TR001,OCFOBUD,,,TK514
100015755,CAN0001,900011155,10000100,0,01,ALEXANDER,L,RODRIGUEZ,M,N,1,1,1,15,20200804,00,,,,,1,1,A,N,1,20150101,20150101,,,,,20240114,,,,878,,,,AN,F,0343,,110000000,1,R,,,,,,,,GS,,,,20240114,0,,0001,TR001,OCFOACC,,,TK515
100015892,CAN0001,900011252,10000200,0,01,EMILY,M,MARTINEZ,F,N,1,1,1,15,20210905,00,,,,,1,1,A,N,1,20150101,20150101,,,,,20240114,,,,878,,,,AN,F,0343,,110000000,1,R,,,,,,,,GS,,,,20240114,0,,0001,TR001,OCFOIT,,,TK516
100016029,CAN0001,900011349,10000300,0,01,DANIEL,N,HERNANDEZ,M,N,1,1,1,15,20221006,00,,,,,1,1,A,N,1,20150101,20150101,,,,,20240114,,,,878,,,,AN,F,0343,,110000000,1,R,,,,,,,,GS,,,,20240114,0,,0001,TR001,OCFOHR,,,TK517
100016166,CAN0001,900011446,10000400,0,01,ELIZABETH,O,LOPEZ,F,N,1,1,1,15,20231107,00,,,,,1,1,A,N,1,20150101,20150101,,,,,20240114,,,,878,,,,AN,F,0343,,110000000,1,R,,,,,,,,GS,,,,20240114,0,,0001,TR001,OCFOPROC,,,TK518
100016303,CAN0001,900011543,10000500,0,01,MATTHEW,P,GONZALEZ,M,N,1,1,1,15,20241208,00,,,,,1,1,A,N,1,20150101,20150101,,,,,20240114,,,,878,,,,AN,F,0343,,110000000,1,R,,,,,,,,GS,,,,20240114,0,,0001,TR001,OCFOBUD,,,TK519
100016440,CAN0001,900011640,10000000,0,01,MARIA,Q,ALVAREZ,F,N,1,1,1,15,20100109,00,,,,,1,1,A,N,1,20150101,20150101,,,,,20240114,,,,878,,,,AN,F,0343,,110000000,1,R,,,,,,,,GS,,,,20240114,0,,0001,TR001,OCFOACC,,,TK520
100016577,CAN0001,900011737,10000100,0,01,DAVID,R,CHEN,M,N,1,1,1,15,20110210,00,,,,,1,1,A,N,1,20150101,20150101,,,,,20240114,,,,878,,,,AN,F,0343,,110000000,1,R,,,,,,,,GS,,,,20240114,0,,0001,TR001,OCFOIT,,,TK521
100016714,CAN0001,900011834,10000200,0,01,ANITA,S,PATEL,F,N,1,1,1,15,20120311,00,,,,,1,1,A,N,1,20150101,20150101,,,,,20240114,,,,878,,,,AN,F,0343,,110000000,1,R,,,,,,,,GS,,,,20240114,0,,0001,TR001,OCFOHR,,,TK522
100016851,CAN0001,900011931,10000300,0,01,JAMES,T,WASHINGTON,M,N,1,1,1,15,20130412,00,,,,,1,1,A,N,1,20150101,20150101,,,,,20240114,,,,878,,,,AN,F,0343,,110000000,1,R,,,,,,,,GS,,,,20240114,0,,0001,TR001,OCFOPROC,,,TK523
100016988,CAN0001,900012028,10000400,0,01,LINH,U,NGUYEN,F,N,1,1,1,15,20140513,00,,,,,1,1,A,N,1,20150101,20150101,,,,,20240114,,,,878,,,,AN,F,0343,,110000000,1,R,,,,,,,,GS,,,,20240114,0,,0001,TR001,OCFOBUD,,,TK524
100017125,CAN0001,900012125,10000500,0,01,CHIDI,V,OKAFOR,M,N,1,1,1,15,20150614,00,,,,,1,1,A,N,1,20150101,20150101,,,,,20240114,,,,878,,,,AN,F,0343,,110000000,1,R,,,,,,,,GS,,,,20240114,0,,0001,TR001,OCFOACC,,,TK525
100017262,CAN0001,900012222,10000000,0,01,SOPHIA,W,GARCIA,F,N,1,1,1,15,20160715,00,,,,,1,1,A,N,1,20150101,20150101,,,,,20240114,,,,878,,,,AN,F,0343,,110000000,1,R,,,,,,,,GS,,,,20240114,0,,0001,TR001,OCFOIT,,,TK526
100017399,CAN0001,900012319,10000100,0,01,OMAR,X,HASSAN,M,N,1,1,1,15,20170816,00,,,,,1,1,A,N,1,20150101,20150101,,,,,20240114,,,,878,,,,AN,F,0343,,110000000,1,R,,,,,,,,GS,,,,20240114,0,,0001,TR001,OCFOHR,,,TK527
100017536,CAN0001,900012416,10000200,0,01,EMMA,Y,SMITH,F,N,1,1,1,15,20180917,00,,,,,1,1,A,N,1,20150101,20150101,,,,,20240114,,,,878,,,,AN,F,0343,,110000000,1,R,,,,,,,,GS,,,,20240114,0,,0001,TR001,OCFOPROC,,,TK528
100017673,CAN0001,900012513,10000300,0,01,LIAM,Z,JOHNSON,M,N,1,1,1,15,20191018,00,,,,,1,1,A,N,1,20150101,20150101,,,,,20240114,,,,878,,,,AN,F,0343,,110000000,1,R,,,,,,,,GS,,,,20240114,0,,0001,TR001,OCFOBUD,,,TK529
100017810,CAN0001,900012610,10000400,0,01,OLIVIA,A,WILLIAMS,F,N,1,1,1,15,20201119,00,,,,,1,1,A,N,1,20150101,20150101,,,,,20240114,,,,878,,,,AN,F,0343,,110000000,1,R,,,,,,,,GS,,,,20240114,0,,0001,TR001,OCFOACC,,,TK530
100017947,CAN0001,900012707,10000500,0,01,NOAH,B,BROWN,M,N,1,1,1,15,20211220,00,,,,,1,1,A,N,1,20150101,20150101,,,,,20240114,,,,878,,,,AN,F,0343,,110000000,1,R,,,,,,,,GS,,,,20240114,0,,0001,TR001,OCFOIT,,,TK531
100018084,CAN0001,900012804,10000000,0,01,AVA,C,JONES,F,N,1,1,1,15,20220121,00,,,,,1,1,A,N,1,20150101,20150101,,,,,20240114,,,,878,,,,AN,F,0343,,110000000,1,R,,,,,,,,GS,,,,20240114,0,,0001,TR001,OCFOHR,,,TK532
100018221,CAN0001,900012901,10000100,0,01,ETHAN,D,MILLER,M,N,1,1,1,15,20230222,00,,,,,1,1,A,N,1,20150101,20150101,,,,,20240114,,,,878,,,,AN,F,0343,,110000000,1,R,,,,,,,,GS,,,,20240114,0,,0001,TR001,OCFOPROC,,,TK533
100018358,CAN0001,900012998,10000200,0,01,ISABELLA,E,DAVIS,F,N,1,1,1,15,20240323,00,,,,,1,1,A,N,1,20150101,20150101,,,,,20240114,,,,878,,,,AN,F,0343,,110000000,1,R,,,,,,,,GS,,,,20240114,0,,0001,TR001,OCFOBUD,,,TK534
100018495,CAN0001,900013095,10000300,0,01,MASON,F,RODRIGUEZ,M,N,1,1,1,15,20100424,00,,,,,1,1,A,N,1,20150101,20150101,,,,,20240114,,,,878,,,,AN,F,0343,,110000000,1,R,,,,,,,,GS,,,,20240114,0,,0001,TR001,OCFOACC,,,TK535
100018632,CAN0001,900013192,10000400,0,01,MIA,G,MARTINEZ,F,N,1,1,1,15,20110525,00,,,,,1,1,A,N,1,20150101,20150101,,,,,20240114,,,,878,,,,AN,F,0343,,110000000,1,R,,,,,,,,GS,,,,20240114,0,,0001,TR001,OCFOIT,,,TK536
100018769,CAN0001,900013289,10000500,0,01,LUCAS,H,HERNANDEZ,M,N,1,1,1,15,20120626,00,,,,,1,1,A,N,1,20150101,20150101,,,,,20240114,,,,878,,,,AN,F,0343,,110000000,1,R,,,,,,,,GS,,,,20240114,0,,0001,TR001,OCFOHR,,,TK537
100018906,CAN0001,900013386,10000000,0,01,AMELIA,I,LOPEZ,F,N,1,1,1,15,20130727,00,,,,,1,1,A,N,1,20150101,20150101,,,,,20240114,,,,878,,,,AN,F,0343,,110000000,1,R,,,,,,,,GS,,,,20240114,0,,0001,TR001,OCFOPROC,,,TK538
100019043,CAN0001,900013483,10000100,0,01,LOGAN,J,GONZALEZ,M,N,1,1,1,15,20140828,00,,,,,1,1,A,N,1,20150101,20150101,,,,,20240114,,,,878,,,,AN,F,0343,,110000000,1,R,,,,,,,,GS,,,,20240114,0,,0001,TR001,OCFOBUD,,,TK539
100019180,CAN0001,900013580,10000200,0,01,HARPER,K,ALVAREZ,F,N,1,1,1,15,20150901,00,,,,,1,1,A,N,1,20150101,20150101,,,,,20240114,,,,878,,,,AN,F,0343,,110000000,1,R,,,,,,,,GS,,,,20240114,0,,0001,TR001,OCFOACC,,,TK540
100019317,CAN0001,900013677,10000300,0,01,JACOB,L,CHEN,M,N,1,1,1,15,20161002,00,,,,,1,1,A,N,1,20150101,20150101,,,,,20240114,,,,878,,,,AN,F,0343,,110000000,1,R,,,,,,,,GS,,,,20240114,0,,0001,TR001,OCFOIT,,,TK541
100019454,CAN0001,900013774,10000400,0,01,EVELYN,M,PATEL,F,N,1,1,1,15,20171103,00,,,,,1,1,A,N,1,20150101,20150101,,,,,20240114,,,,878,,,,AN,F,0343,,110000000,1,R,,,,,,,,GS,,,,20240114,0,,0001,TR001,OCFOHR,,,TK542
100019591,CAN0001,900013871,10000500,0,01,MICHAEL,N,WASHINGTON,M,N,1,1,1,15,20181204,00,,,,,1,1,A,N,1,20150101,20150101,,,,,20240114,,,,878,,,,AN,F,0343,,110000000,1,R,,,,,,,,GS,,,,20240114,0,,0001,TR001,OCFOPROC,,,TK543
100019728,CAN0001,900013968,10000000,0,01,ABIGAIL,O,NGUYEN,F,N,1,1,1,15,20190105,00,,,,,1,1,A,N,1,20150101,20150101,,,,,20240114,,,,878,,,,AN,F,0343,,110000000,1,R,,,,,,,,GS,,,,20240114,0,,0001,TR001,OCFOBUD,,,TK544
100019865,CAN0001,900014065,10000100,0,01,ALEXANDER,P,OKAFOR,M,N,1,1,1,15,20200206,00,,,,,1,1,A,N,1,20150101,20150101,,,,,20240114,,,,878,,,,AN,F,0343,,110000000,1,R,,,,,,,,GS,,,,20240114,0,,0001,TR001,OCFOACC,,,TK545
100020002,CAN0001,900014162,10000200,0,01,EMILY,Q,GARCIA,F,N,1,1,1,15,20210307,00,,,,,1,1,A,N,1,20150101,20150101,,,,,20240114,,,,878,,,,AN,F,0343,,110000000,1,R,,,,,,,,GS,,,,20240114,0,,0001,TR001,OCFOIT,,,TK546
100020139,CAN0001,900014259,10000300,0,01,DANIEL,R,HASSAN,M,N,1,1,1,15,20220408,00,,,,,1,1,A,N,1,20150101,20150101,,,,,20240114,,,,878,,,,AN,F,0343,,110000000,1,R,,,,,,,,GS,,,,20240114,0,,0001,TR001,OCFOHR,,,TK547
100020276,CAN0001,900014356,10000400,0,01,ELIZABETH,S,SMITH,F,N,1,1,1,15,20230509,00,,,,,1,1,A,N,1,20150101,20150101,,,,,20240114,,,,878,,,,AN,F,0343,,110000000,1,R,,,,,,,,GS,,,,20240114,0,,0001,TR001,OCFOPROC,,,TK548
100020413,CAN0001,900014453,10000500,0,01,MATTHEW,T,JOHNSON,M,N,1,1,1,15,20240610,00,,,,,1,1,A,N,1,20150101,20150101,,,,,20240114,,,,878,,,,AN,F,0343,,110000000,1,R,,,,,,,,GS,,,,20240114,0,,0001,TR001,OCFOBUD,,,TK549
100020550,CAN0001,900014550,10000000,0,01,MARIA,U,WILLIAMS,F,N,1,1,1,15,20100711,00,,,,,1,1,A,N,1,20150101,20150101,,,,,20240114,,,,878,,,,AN,F,0343,,110000000,1,R,,,,,,,,GS,,,,20240114,0,,0001,TR001,OCFOACC,,,TK550
100020687,CAN0001,900014647,10000100,0,01,DAVID,V,BROWN,M,N,1,1,1,15,20110812,00,,,,,1,1,A,N,1,20150101,20150101,,,,,20240114,,,,878,,,,AN,F,0343,,110000000,1,R,,,,,,,,GS,,,,20240114,0,,0001,TR001,OCFOIT,,,TK551
100020824,CAN0001,900014744,10000200,0,01,ANITA,W,JONES,F,N,1,1,1,15,20120913,00,,,,,1,1,A,N,1,20150101,20150101,,,,,20240114,,,,878,,,,AN,F,0343,,110000000,1,R,,,,,,,,GS,,,,20240114,0,,0001,TR001,OCFOHR,,,TK552
100020961,CAN0001,900014841,10000300,0,01,JAMES,X,MILLER,M,N,1,1,1,15,20131014,00,,,,,1,1,A,N,1,20150101,20150101,,,,,20240114,,,,878,,,,AN,F,0343,,110000000,1,R,,,,,,,,GS,,,,20240114,0,,0001,TR001,OCFOPROC,,,TK553
100021098,CAN0001,900014938,10000400,0,01,LINH,Y,DAVIS,F,N,1,1,1,15,20141115,00,,,,,1,1,A,N,1,20150101,20150101,,,,,20240114,,,,878,,,,AN,F,0343,,110000000,1,R,,,,,,,,GS,,,,20240114,0,,0001,TR001,OCFOBUD,,,TK554
100021235,CAN0001,900015035,10000500,0,01,CHIDI,Z,RODRIGUEZ,M,N,1,1,1,15,20151216,00,,,,,1,1,A,N,1,20150101,20150101,,,,,20240114,,,,878,,,,AN,F,0343,,110000000,1,R,,,,,,,,GS,,,,20240114,0,,0001,TR001,OCFOACC,,,TK555
100021372,CAN0001,900015132,10000000,0,01,SOPHIA,A,MARTINEZ,F,N,1,1,1,15,20160117,00,,,,,1,1,A,N,1,20150101,20150101,,,,,20240114,,,,878,,,,AN,F,0343,,110000000,1,R,,,,,,,,GS,,,,20240114,0,,0001,TR001,OCFOIT,,,TK556
100021509,CAN0001,900015229,10000100,0,01,OMAR,B,HERNANDEZ,M,N,1,1,1,15,20170218,00,,,,,1,1,A,N,1,20150101,20150101,,,,,20240114,,,,878,,,,AN,F,0343,,110000000,1,R,,,,,,,,GS,,,,20240114,0,,0001,TR001,OCFOHR,,,TK557
100021646,CAN0001,900015326,10000200,0,01,EMMA,C,LOPEZ,F,N,1,1,1,15,20180319,00,,,,,1,1,A,N,1,20150101,20150101,,,,,20240114,,,,878,,,,AN,F,0343,,110000000,1,R,,,,,,,,GS,,,,20240114,0,,0001,TR001,OCFOPROC,,,TK558
100021783,CAN0001,900015423,10000300,0,01,LIAM,D,GONZALEZ,M,N,1,1,1,15,20190420,00,,,,,1,1,A,N,1,20150101,20150101,,,,,20240114,,,,878,,,,AN,F,0343,,110000000,1,R,,,,,,,,GS,,,,20240114,0,,0001,TR001,OCFOBUD,,,TK559
