SSN,NAME,CURRENT_ACCT,CURRENT_ORG,FLSA_STATUS,COMP_TIME_CUR_BAL,COMP_TIME_YEAR_EARNED,PP_END_DATE,DAILY_DATE_EARNED,COMP_TIME_RATE,COMP_TIME_HOURS,COMP_TIME_UNDEF
123456789,"ALVAREZ, MARIA",100234,OCFOACC,N,25.58,2024,20240114,20240101,1.0,6.06,0
234567891,"CHEN, DAVID",100234,OCFOACC,E,9.8,2024,20240128,20240116,1.0,6.02,0
345678912,"PATEL, ANITA",100512,OCFOIT,N,27.07,2024,20240211,20240131,1.0,4.93,0
456789123,"WASHINGTON, JAMES",100512,OCFOIT,N,1.27,2024,20240225,20240215,1.0,2.14,0
567891234,"NGUYEN, LINH",100778,OCFOHR,E,20.21,2024,20240310,20240301,1.0,4.71,0
678912345,"OKAFOR, CHIDI",100778,OCFOHR,N,28.64,2024,20240324,20240316,1.5,2.15,0
123456789,"ALVAREZ, MARIA",100234,OCFOACC,N,23.57,2024,20240407,20240331,1.0,6.19,0
234567891,"CHEN, DAVID",100234,OCFOACC,E,6.39,2024,20240421,20240415,1.5,3.05,0
345678912,"PATEL, ANITA",100512,OCFOIT,N,6.22,2024,20240114,20240109,1.5,1.27,0
456789123,"WASHINGTON, JAMES",100512,OCFOIT,N,15.2,2024,20240128,20240124,1.5,6.86,0
567891234,"NGUYEN, LINH",100778,OCFOHR,E,24.15,2024,20240211,20240208,1.0,5.97,0
678912345,"OKAFOR, CHIDI",100778,OCFOHR,N,21.45,2024,20240225,20240223,1.5,1.09,0
123456789,"ALVAREZ, MARIA",100234,OCFOACC,N,11.73,2024,20240310,20240309,1.5,4.83,0
234567891,"CHEN, DAVID",100234,OCFOACC,E,28.18,2024,20240324,20240324,1.0,5.46,0
345678912,"PATEL, ANITA",100512,OCFOIT,N,30.92,2024,20240407,20240325,1.0,6.91,0
